product,exact_match,match_count
C=CC(C)(C)[C@@]12C[C@H]3c4nc5ccccc5c(=O)n4[C@H](C)C(=O)N3C1N(C(C)=O)c1ccccc12,0,-1
C=CC(C)(C)[C@@]12C[C@H]3c4nc5ccccc5c(=O)n4[C@H](C)C(=O)N3C1Nc1ccccc12,0,-1
C[C@@H]1NC(=O)[C@@H](C[C@@]2(O)C=Nc3ccccc32)n2c1nc1ccccc1c2=O,0,0
C[C@H]1C(=O)N2c3ccccc3[C@@]3(O)C[C@@H]4C(=O)N[C@](C)(c5nc6ccccc6c(=O)n54)N1[C@@H]23,0,-1
C[C@@H]1N[C@H]2N(C1=O)c1ccccc1[C@@]2(O)C[C@@H]1C(=O)N[C@@H](C)c2nc3ccccc3c(=O)n21,0,-1
C[C@@H]1NC(=O)[C@@H](C[C@]2(O)c3ccccc3NC2O)n2c1nc1ccccc1c2=O,0,0
N=CN[C@@H](CC(=O)O)C(=O)O,1,2
CC(=O)N[C@@H](CCC(N)=O)C(=O)N[C@@H](CCC(N)=O)C(N)=O,0,0
CC1(C)OC(=O)C[C@@H]2[C@@H](C(=O)O)NC[C@@H]21,0,-1
C=C(C)[C@H]1CN[C@H](C(=O)O)[C@H]1CC(=O)O,0,-1
C/C(=C/C=C/[C@@H](C)C(=O)O)[C@H]1CN[C@H](C(=O)O)[C@H]1CC(=O)O,0,-1
C/C(C=O)=C\CC/C(C)=C/CN[C@@H](CCC(=O)O)C(=O)O,0,0
C/C(=C\CC/C(C)=C/CN[C@@H](CCC(=O)O)C(=O)O)CO,0,-1
O=C1CC[C@H](C(=O)O)N1,0,0
O=c1nc2n(C[C@H](O)[C@H](O)[C@H](O)CO)c3cc(O)ccc3cc-2c(=O)[nH]1,0,-1
C[C@H](OP(=O)(O)OC[C@@H](O)[C@@H](O)[C@@H](O)Cn1c2nc(=O)[nH]c(=O)c-2cc2ccc(O)cc21)C(=O)O,0,0
CCCCCCCCCCCCCCCC(=O)OC(CCCCCCCCCCCCC)CC(=O)NCC(=O)O,1,2
O=C(O)CCc1c[nH]cn1,0,0
C=CC(C)(C)C12CC3C(=O)NC(Cc4c[nH]cn4)C(=O)N3C1Nc1ccccc12,0,-1
O=C1NC(Cc2c[nH]c3ccccc23)C(=O)N/C1=C/c1c[nH]cn1,0,-1
Cn1cnc(CC(=O)O)c1,0,0
Cn1cnc(CC=O)c1,0,0
Cn1cnc(CCN)c1,0,-1
ONCCc1c[nH]cn1,0,-1
CC(=O)NCCc1c[nH]cn1,0,-1
N[C@@H](CCC(=O)NCCc1c[nH]cn1)C(=O)O,0,-1
CN(C)[C@@H](Cc1c[nH]cn1)C(=O)O,0,-1
C[C@H]1CN[C@H](C(=O)O)[C@H]1O,0,0
C[C@H]1C=N[C@H](C(=O)O)C1,0,-1
C[C@H](C[C@H](N)C(=O)O)C(O)O,0,0
CC(C)C(=O)CC(=O)O,1,2
CC(C)CC(=O)NCCc1c[nH]cn1,1,2
CC(=O)CCC(N)C(=O)O,0,1
C[C@H](N)CC[C@@H](N)C(=O)O,0,0
C/C=C(\C)C(=O)O[C@@H]1CCN2CC3CC(CN4C(=O)CCCC34)C2C1,0,-1
O=C1CCCC2C3CC(CN12)C1CCCCN1C3,1,3
O=C1C2CC(CN3CCCCC23)C2CCCCN12,1,2
O=C1CCC(=O)N(O)CCCCCNC(=O)CCC(=O)N(O)CCCCCN1,1,5
O=C1CCC(=O)N(O)CCCCCNC(=O)CCC(=O)N(O)CCCCCNC(=O)CCC(=O)N(O)CCCCCN1,1,5
NCCCCCN(O)C(=O)CCC(=O)O,1,3
CC(=O)N(O)CCCCCN,1,3
NCCCCCNO,1,2
NCCCCCNCCCN,1,2
OC[C@@H]1CCCN2CCCC[C@H]12,0,-1
C[C@@H]1CC=N[C@H]1C(=O)NCCCC[C@H](N)C(=O)O,0,-1
C[C@H](CCN)[C@@H](N)C(=O)NCCCC[C@H](N)C(=O)O,0,0
CC(=O)N(O)CCCC[C@H](N)C(=O)O,1,2
CC(=O)NCCC[C@H](N)CC(=O)O,0,0
C[C@H](N)C[C@H](N)CC(=O)O,0,-1
N[C@@H]1CCCCNC1=O,0,0
C[S+](C)CCCN,0,0
C=C[C@@](C)(C/C=C/C(C)(C)O)c1ccc2c3c(c[nH]c13)C[C@@H](CO)NC(=O)[C@H](C(C)C)N2C,0,-1
C=C[C@@](C)(CCC(O)C(=C)C)c1ccc2c3c(c[nH]c13)C[C@@H](CO)NC(=O)[C@H](C(C)C)N2C,0,-1
C=C[C@@](C)(CCC=C(C)C)c1ccc2c3c(c[nH]c13)C[C@@H](CO)NC(=O)[C@H](C(C)C)N2C,0,-1
CC(C)[C@H]1C(=O)N[C@H](CO)Cc2c[nH]c3cccc(c23)N1C,0,-1
CC[C@H](C)[C@H](NC(=O)[C@H](Cc1ccc(O)cc1)NC(=O)[C@@H](NC(=O)[C@H](CCCNC(=N)N)NC(=O)[C@@H](N)CC(=O)O)C(C)C)C(=O)N[C@@H](Cc1cnc[nH]1)C(=O)N1CCC[C@H]1C(=O)O,0,-1
O=C1CN[C@H](C(=O)O)C1,0,0
O=C(O)[C@H]1C[C@@H](O)CN1,0,0
Cc1nccc2c1[nH]c1cc(O)ccc12,0,-1
CC1=NCCc2c1[nH]c1cc(O)ccc21,0,-1
CNCCc1c[nH]c2ccccc12,0,-1
CNC(=O)Oc1ccc2c(c1)[C@]1(C)CCN(C)[C@@H]1N2C,0,-1
Cc1nccc2c1[nH]c1ccccc12,0,-1
C[C@H]1NCCc2c1[nH]c1ccccc21,0,-1
C=CC(C)(C)[C@@]12C[C@H]3c4nc5ccccc5c(=O)n4[C@H](C)C(=O)N3C1N(C(C)=O)c1ccccc12,0,-1
C=CC(C)(C)[C@@]12C[C@H]3c4nc5ccccc5c(=O)n4[C@H](C)C(=O)N3C1Nc1ccccc12,0,-1
C[C@@H]1NC(=O)[C@@H](C[C@@]2(O)C=Nc3ccccc32)n2c1nc1ccccc1c2=O,0,0
C[C@H]1C(=O)N2c3ccccc3[C@@]3(O)C[C@@H]4C(=O)N[C@](C)(c5nc6ccccc6c(=O)n54)N1[C@@H]23,0,-1
C[C@@H]1N[C@H]2N(C1=O)c1ccccc1[C@@]2(O)C[C@@H]1C(=O)N[C@@H](C)c2nc3ccccc3c(=O)n21,0,-1
C[C@@H]1NC(=O)[C@@H](C[C@]2(O)c3ccccc3NC2O)n2c1nc1ccccc1c2=O,0,-1
O=C1c2ccccc2-n2c(nc3ccccc3c2=O)[C@@H]2C[C@]3(O)c4ccccc4N[C@@H]3N12,0,-1
O=C1c2ccccc2-n2c(nc3ccccc3c2=O)[C@@H]2C[C@]3(O)c4ccccc4NC3N12,0,-1
C=CC(C)(C)C12CC3C(=O)NC(Cc4c[nH]cn4)C(=O)N3C1Nc1ccccc12,0,-1
O=C1NC(Cc2c[nH]c3ccccc23)C(=O)N/C1=C/c1c[nH]cn1,0,-1
N=C(C(=O)O)C(c1c[nH]c2c(Cl)cccc12)C(C(=N)C(=O)O)c1c[nH]c2c(Cl)cccc12,0,-1
N=C(Cc1c[nH]c2c(Cl)cccc12)C(=O)O,0,0
N[C@@H](Cc1c[nH]c2c(Cl)c(Cl)ccc12)C(=O)O,0,-1
[C-]#[N+]/C=C/c1c[nH]c2ccccc12,0,-1
N=C(C(=O)O)C(c1c[nH]c2ccccc12)C(C(=N)C(=O)O)c1c[nH]c2ccccc12,0,-1
C=C[C@@](C)(C/C=C/C(C)(C)O)c1ccc2c3c(c[nH]c13)C[C@@H](CO)NC(=O)[C@H](C(C)C)N2C,0,-1
C=C[C@@](C)(CCC(O)C(=C)C)c1ccc2c3c(c[nH]c13)C[C@@H](CO)NC(=O)[C@H](C(C)C)N2C,0,-1
C=C[C@@](C)(CCC=C(C)C)c1ccc2c3c(c[nH]c13)C[C@@H](CO)NC(=O)[C@H](C(C)C)N2C,0,-1
CC(C)[C@H]1C(=O)N[C@H](CO)Cc2c[nH]c3cccc(c23)N1C,0,-1
O=C(O)[C@H](O)Cc1c[nH]c2ccccc12,0,-1
CC(C)=CCC1=C(c2c[nH]c3ccccc23)C(=O)C(O)=C(c2c[nH]c3ccccc23)C1=O,0,-1
OC1=C(c2c[nH]c3ccccc23)C(O)C(O)=C(c2c[nH]c3ccccc23)C1O,0,-1
C=CC(C)(C)c1[nH]c2ccccc2c1C1=C(O)C(=O)C(c2c[nH]c3ccccc23)=C(O)C1=O,0,-1
O=C1C(O)=C(c2c[nH]c3ccccc23)C(=O)C(O)=C1c1c[nH]c2ccccc12,0,0
CC(C(=O)C(=O)O)c1c[nH]c2ccccc12,0,-1
COn1cc(C[C@H](N)C(=O)O)c2ccccc21,0,0
C=CC(C)(C)[C@]12C[C@@H]3C(=O)Nc4ccccc4C(=O)N3C1N(C(C)=O)c1ccccc12,0,-1
C=CC(C)(C)[C@]12C[C@@H]3C(=O)Nc4ccccc4C(=O)N3C1Nc1ccccc12,0,0
CN[C@@H]1Cc2c[nH]c3cccc(c23)[C@H]1CC(C)C=O,0,-1
CN[C@@H]1Cc2c[nH]c3cccc(c23)[C@H]1/C=C(\C)CO,0,-1
CN[C@@H](Cc1c[nH]c2cccc(CC=C(C)C)c12)C(=O)O,0,-1
O=C(O)C(=O)Cc1c[nH]c2ccc(O)cc12,0,0
N[C@@H](CC(=O)c1cc(O)ccc1NC=O)C(=O)O,0,-1
O=C(O)CCc1c[nH]c2ccccc12,0,0
N[C@@H](CCC(=O)NCCc1ccc(O)cc1)C(=O)O,1,2
O=C(/C=C/c1ccc(O)cc1)NCCc1ccc(O)cc1,1,2
COc1cc(/C=C/C(=O)NCCc2ccc(O)cc2)cc(OC)c1O,1,2
O=C(/C=C/c1ccccc1)NCCc1ccc(O)cc1,1,2
CN(C)CCc1ccc(O)cc1,1,3
CNCCc1ccc(O)cc1,1,2
COc1cc(CC(O)C(=O)O)ccc1O,0,2
COc1cc(CC(=O)C(=O)O)ccc1O,0,1
COc1cc(C[C@H](N)C(=O)O)ccc1O,0,0
CCCC1CNC(C(=O)O)C1,0,-1
O=C(O)/C(O)=C\C=C1/C=NC(C(=O)O)C1,0,-1
N[C@@H](Cc1ccc(C(=O)O)oc1=O)C(=O)O,0,-1
N[C@@H](C/C(C=O)=C/C=C(/O)C(=O)O)C(=O)O,1,2
O=C(O)C(=O)Cc1ccc(O)c(O)c1,0,0
O=C(O)CCc1ccc(O)c(O)c1,0,1
O=C(O)[C@H](Cc1ccc(O)cc1)N(O)O,0,0
[C-]#[N+]/C=C/c1ccc(O[C@H]2O[C@@H](C)[C@@H](NC(C)=O)[C@@H](O)[C@@H]2O)cc1,0,0
[C-]#[N+]/C=C/c1ccc(O)cc1,0,0
[C-]#[N+]c1cc2cc(O)c(O)cc2oc1=O,0,-1
[C-]#[N+]/C(=C/C1=CC(=O)C(=O)C=C1)C(=O)O,0,0
[C-]#[N+]/C(=C/c1ccc(O)cc1)C(=O)O,0,-1
COc1c(C)cc(C[C@H](N)C(=O)O)cc1O,0,0
Cc1cc(C[C@H](N)C(=O)O)cc(O)c1O,0,-1
O=C(O)C(O)Cc1cc(I)c(O)c(I)c1,0,2
O=C(O)C(=O)Cc1cc(I)c(O)c(I)c1,0,1
N[C@@H](Cc1cc(I)c(Oc2cc(I)c(OS(=O)(=O)O)c(I)c2)c(I)c1)C(=O)O,0,-1
O=C(Cc1cc(I)c(Oc2cc(I)c(O)c(I)c2)c(I)c1)O[C@@H]1O[C@H](C(=O)O)[C@@H](O)[C@H](O)[C@H]1O,0,-1
O=C(O)Cc1cc(I)c(Oc2cc(I)c(O[C@@H]3O[C@H](C(=O)O)[C@@H](O)[C@H](O)[C@H]3O)c(I)c2)c(I)c1,0,-1
O=C(O)Cc1cc(I)c(Oc2cc(I)c(O)c(I)c2)c(I)c1,0,-1
N[C@@H](Cc1cc(I)c(Oc2cc(I)c(O)c(I)c2)c(I)c1)C(=O)O[C@@H]1O[C@H](C(=O)O)[C@@H](O)[C@H](O)[C@H]1O,0,-1
N[C@@H](Cc1cc(I)c(Oc2cc(I)c(OC3O[C@H](C(=O)O)[C@@H](O)[C@H](O)[C@H]3O)c(I)c2)c(I)c1)C(=O)O,0,-1
N[C@@H](Cc1ccc(Oc2cc(I)c(O)c(I)c2)cc1)C(=O)O,0,-1
N[C@@H](Cc1ccc(Oc2cc(I)c(O)c(I)c2)c(I)c1)C(=O)O,0,-1
N[C@@H](Cc1cc(I)c(Oc2cc(I)c(O)c(I)c2)c(I)c1)C(=O)O,0,-1
C=C[C@@](C)(C/C=C/C(C)(C)O)c1ccc2c3c(c[nH]c13)C[C@@H](CO)NC(=O)[C@H](C(C)C)N2C,0,-1
C=C[C@@](C)(CCC(O)C(=C)C)c1ccc2c3c(c[nH]c13)C[C@@H](CO)NC(=O)[C@H](C(C)C)N2C,0,-1
C=C[C@@](C)(CCC=C(C)C)c1ccc2c3c(c[nH]c13)C[C@@H](CO)NC(=O)[C@H](C(C)C)N2C,0,-1
CC(C)[C@H]1C(=O)N[C@H](CO)Cc2c[nH]c3cccc(c23)N1C,0,-1
CC(C)CNO,1,2
COc1ccc(/C=C/C(=O)c2c(OC)cc(O)c(CC=C(C)C)c2O)cc1,0,1
COc1cc(O)c(CC=C(C)C)c(O)c1C(=O)/C=C/c1ccc(O)cc1,0,0
CC1(C)OC(=O)C[C@@H]2[C@@H](C(=O)O)NC[C@@H]21,0,0
C=C(C)[C@H]1CN[C@H](C(=O)O)[C@H]1CC(=O)O,0,0
CC(C)=C[C@@H]1[C@@H](C=O)C1(C)C,0,0
CC(C)=C[C@@H]1[C@@H](CO)C1(C)C,0,0
C=CC(C)(CO)SC[C@H](NC(=O)CC[C@H](N)C(=O)O)C(=O)NCC(=O)O,0,1
C=C[C@]1(C)CO1,0,0
C/C(=C\CNc1ncnc2c1ncn2[C@@H]1O[C@H](COP(=O)(O)OP(=O)(O)OP(=O)(O)O)[C@@H](O)[C@H]1O)CO,1,2
CN[C@@H]1Cc2c[nH]c3cccc(c23)[C@H]1CC(C)C=O,0,0
CN[C@@H]1Cc2c[nH]c3cccc(c23)[C@H]1/C=C(\C)CO,0,0
CN[C@@H](Cc1c[nH]c2cccc(CC=C(C)C)c12)C(=O)O,0,-1
C=CC(C)(C)[C@@]12C[C@H]3c4nc5ccccc5c(=O)n4[C@H](C)C(=O)N3C1N(C(C)=O)c1ccccc12,0,-1
C=CC(C)(C)[C@@]12C[C@H]3c4nc5ccccc5c(=O)n4[C@H](C)C(=O)N3C1Nc1ccccc12,0,-1
CNc1ccccc1C(=O)O[C@@H]1O[C@H](CO)[C@@H](O)[C@H](O)[C@H]1O,1,2
C[C@@H]1NC(=O)[C@@H](C[C@@]2(O)C=Nc3ccccc32)n2c1nc1ccccc1c2=O,0,0
C[C@H]1C(=O)N2c3ccccc3[C@@]3(O)C[C@@H]4C(=O)N[C@](C)(c5nc6ccccc6c(=O)n54)N1[C@@H]23,0,-1
C[C@@H]1N[C@H]2N(C1=O)c1ccccc1[C@@]2(O)C[C@@H]1C(=O)N[C@@H](C)c2nc3ccccc3c(=O)n21,0,-1
C[C@@H]1NC(=O)[C@@H](C[C@]2(O)c3ccccc3NC2O)n2c1nc1ccccc1c2=O,0,-1
O=C1c2ccccc2-n2c(nc3ccccc3c2=O)[C@@H]2C[C@]3(O)c4ccccc4N[C@@H]3N12,0,-1
O=C1c2ccccc2-n2c(nc3ccccc3c2=O)[C@@H]2C[C@]3(O)c4ccccc4NC3N12,0,-1
C=CC(C)(C)[C@]12C[C@@H]3C(=O)Nc4ccccc4C(=O)N3C1N(C(C)=O)c1ccccc12,0,-1
C=CC(C)(C)[C@]12C[C@@H]3C(=O)Nc4ccccc4C(=O)N3C1Nc1ccccc12,0,-1
CC(C)=CCC/C(C)=C/CC/C(C)=C/C[C@@H](O)/C=C(\C)CC/C=C(\C)CCC=C(C)C,1,2
CC(C)=CCC/C(C)=C/CC/C(C)=C/CC/C(C)=C\CC/C(C)=C\CC/C(C)=C\CC/C(C)=C\CC/C(C)=C\CC/C(C)=C\CC/C(C)=C\CC/C(C)=C\CC/C(C)=C\CC/C(C)=C\CC/C(C)=C\CC/C(C)=C\CCC(C)CCOP(=O)(O)O,1,4
CC(C)=CCC/C(C)=C/CC/C(C)=C/CC/C(C)=C\CC/C(C)=C\CC/C(C)=C\CC/C(C)=C\CC/C(C)=C\CC/C(C)=C\CC/C(C)=C\CC/C(C)=C\CC/C(C)=C\CC/C(C)=C\CC/C(C)=C\CC/C(C)=C\CCC(C)CCO,1,3
CC(C)=CCC/C(C)=C/CC/C(C)=C/CC/C(C)=C\CC/C(C)=C\CC/C(C)=C\CC/C(C)=C\CC/C(C)=C\CC/C(C)=C\CC/C(C)=C\CC/C(C)=C\CC/C(C)=C\CC/C(C)=C\CC/C(C)=C\CC/C(C)=C\CC/C(C)=C\CO,1,2
Cc1cc2c(cc1O)C(C)(O)C(=O)C=C2C(C)C,1,3
Cc1cc2c(C(C)C)cc(O)c(C)c2cc1O,1,2
COc1c(O)c(C=O)c2c(O)c(-c3c(O)cc4c(C=O)c(O)c(OC)c(C(C)C)c4c3C)c(C)cc2c1C(C)C,0,4
CC(C)=CCC1C(C)=CCC2C(=O)c3c(C=O)c(O)c(O)c(C(C)C)c3C(=O)C21C,0,1
Cc1cc2c3c(c(O)c(O)c(C(C)C)c3c1)CO2,0,1
CC1=C[C@@H]2C(=C(C)CC[C@H]2C(C)C)C(O)C1,0,0
CC1=C2[C@@H](O)C[C@H](C)[C@]23CC[C@@H](C3)C1(C)C,0,0
C[C@@H]1CC[C@H]2C(CO)=C[C@@H]3CC(C)(C)CC312,0,-1
C[C@@H]1CC[C@H]2C(C=O)=C[C@@H]3CC(C)(C)C[C@]312,0,-1
C[C@@H]1CC[C@H]2C(CO)=C[C@@H]3CC(C)(C)C[C@]312,0,0
CC1(C)C[C@H]2[C@H](C=C(CO)[C@]3(O)[C@H](O)C[C@]23C)C1,0,0
CC1(C)CCC=C([C@@H]2CC=C(CO)CC2)C1,0,1
CC1=CC[C@@H](C2=CCCC(C)(C)C2)CC1,0,0
C=C(C=O)[C@H]1C/C=C(\C)CC/C=C(\C)CC1,1,3
C=C(CO)[C@H]1C/C=C(\C)CC/C=C(\C)CC1,0,0
CC1=CC2OC3C[C@@H](OC(=O)/C=C\C=C\C=C\C(=O)O)[C@@](C)(C34CO4)[C@@]2(C)CC1,0,-1
CC1=CC[C@@](C)([C@@]2(C)CC(O)CC23CO3)CC1,0,-1
C=C1CC(O)C[C@]1(C)[C@]1(C)CC=C(C)CC1,0,0
C[C@H]1CCC[C@@]2(C)CCC=CC12,0,0
C/C1=C\CC(C)(C)/C=C/C(=O)/C(C)=C/CC1,1,3
C/C1=C\CC(C)(C)/C=C/C(O)/C(C)=C/CC1,1,2
CC(=O)OC1C[C@@H](C)[C@H](C=O)[C@@]2(O)[C@@H]1C(C)(C)C[C@]2(C)C=O,0,-1
C[C@@H]1CC[C@H]2[C@@H](C)C(=O)O[C@@H]3O[C@@]4(C)CC[C@@H]1[C@]32OO4,0,0
C=C(C=O)[C@@H]1CC[C@@H](C)[C@@H]2CCC(C)=C[C@@H]21,0,0
C=C(CO)[C@@H]1CC[C@@H](C)[C@@H]2CCC(C)=C[C@@H]21,0,0
C=C(C)[C@@H]1CC[C@@]2(C1)[C@@H](CO)C[C@@H](O)[C@H](O)[C@H]2C,0,-1
C=C(C)[C@@H]1CC[C@@]2(C1)C(C)=CC(=O)C[C@H]2C,0,-1
C=C(C)[C@@H]1CC[C@@]2(C1)C(C)=CC(O)C[C@H]2C,0,-1
C=C1[C@H](C)[C@@]2(C)C(C)=C(C)[C@](C)([C@@H]2C)[C@@H]1C,0,0
CC1(C)CCC[C@@]2(C)[C@H]1CC=C(CO)[C@@H]2CO,0,-1
CC1(C)C[C@@H]2[C@@H]1CC[C@@]1(C)CCC[C@]2(O)C1,0,-1
C/C(=C/C=C/[C@@H](C)C(=O)O)[C@H]1CN[C@H](C(=O)O)[C@H]1CC(=O)O,0,0
C/C(C=O)=C\CC/C(C)=C/CN[C@@H](CCC(=O)O)C(=O)O,0,0
C/C(=C\CC/C(C)=C/CN[C@@H](CCC(=O)O)C(=O)O)CO,0,0
CC1(C)[C@@H]2CC[C@@]1(C)[C@](C)(O)C2,0,0
C=C(C)[C@@H]1CC[C@](C)(O)C(=O)C1,0,-1
C=C(C)[C@@H]1CC[C@](C)(O)[C@@H](O)C1,0,0
C=C(C)[C@@H]1CCC2(C)OC2C1,0,0
C=C(C)[C@H]1CC=C(C(=O)O)CC1,0,0
C=C(C)[C@H]1CC=C(C=O)CC1,0,0
C=C(C)[C@H]1CC=C(CO)CC1,0,0
C=CC(=C)CC(=O)C=C(C)C,1,3
C=CC(=C)C[C@@H](O)C=C(C)C,1,2
C=CC(=C)C[C@H](O)C=C(C)C,1,2
CC1(C)CC2CC1C(C)(C)C2=O,0,2
C=C1C2CC(C(C)(C)C2)C1(C)C,0,1
CC1(C)C2CCC1C(=O)C2,0,2
C=C1CC2CCC1C2(C)C,0,1
CC1(C)[C@H]2CC[C@]1(C)C(=O)C2,0,1
CC1(C)[C@H]2CC[C@]1(C)[C@H](O)C2,0,0
CC12CCC(C1)C(C)(C)C2=O,0,1
C/C(=C\CC/C=C(\C)CCC[C@H](C)CCC[C@H](C)CCCC(C)C)CCC[C@H](C)CCC[C@H](C)CCCC(C)C,0,0
CC(C)=CCC/C(C)=C/CC/C(C)=C/CC/C(C)=C/CC/C=C(\C)CC/C=C(\C)CCC[C@H](C)CCCC(C)C,1,3
CC(C)=CCC/C(C)=C/CC/C(C)=C/CC/C(C)=C/CC/C=C(\C)CC/C=C(\C)CC/C=C(\C)CCC=C(C)C,1,2
C/C(=C\CO)CC[C@]1(C)[C@@H](C)CC=C2[C@H]1CCCC2(C)C,0,0
C=C1[C@@H](OC(C)=O)CC[C@@]2(C)C[C@H](O)C3=C(C)C[C@H](O)[C@@H](C[C@H]12)C3(C)C,0,0
C=C1[C@@H](OC(C)=O)CC[C@@]2(C)CCC3=C(C)CC[C@@H](C[C@H]12)C3(C)C,0,0
C=C1[C@@H](O)CC[C@@]2(C)CCC3=C(C)[C@@H](O)C[C@@H](C[C@H]12)C3(C)C,0,0
C=C1[C@@H](O)CC[C@@]2(C)CCC3=C(C)CC[C@@H](C[C@H]12)C3(C)C,0,0
CC1(C)C(=O)O[C@@H](O)[C@]2(C)[C@@H]1CC[C@@]13C[C@@H](CC[C@@H]21)[C@]1(C)OC13,0,-1
CC1=C[C@@]23CC[C@@H]4C(C)(C)[C@@H](O)[C@@H](O)C[C@@]4(C)[C@@H]2CC[C@@H]1C3,0,-1
CC1=C[C@@]23CC[C@@H]4C(C)(C)C[C@@H](O)C[C@@]4(C)[C@@H]2CC[C@@H]1C3,0,-1
C[C@@]12CCC[C@@](C)(C(=O)O)C1CC[C@]13C=C(C(=O)O)[C@H](CCC21)C3,0,0
CC1(C)CCCC2(C)C1CCC13C=C(C(=O)O)C(CCC12)C3,0,1
CC1=C[C@@]23CC[C@@H]4C(C)(C)CCC[C@@]4(C)[C@@H]2CC[C@@H]1C3,0,0
C=C[C@]1(C)C=C2CC[C@@H]3C(C)(C)CCC[C@@]3(C)[C@@H]2CC1,0,-1
C=CC1=CC[C@@H]2[C@H](CC[C@@H]3C(C)(C)C[C@H](O)C[C@@]23C)[C@@H]1C,0,-1
C=CC1=CC[C@@H]2[C@H](CCC3C(C)(C)[C@H](O)CC[C@]32C)[C@@H]1C,0,-1
C=CC1=C[C@@H](O)[C@@H]2[C@H](CC[C@@H]3C(C)(C)CCC[C@@]23C)[C@@H]1C,0,0
C=CC1=CC[C@@H]2[C@H](CC[C@@H]3C(C)(C)CCC[C@@]23C)[C@@H]1C,0,-1
C=C[C@@]1(C)C=C2[C@@H](O)C[C@@H]3C(C)(C)CCC[C@@]3(C)[C@@H]2CC1,0,-1
C=C[C@@]1(C)C=C2CC[C@@H]3C(C)(C)[C@H](O)CC[C@@]3(C)[C@]2(O)CC1,0,0
C=C[C@@]1(C)C=C2CC[C@@H]3C(C)(C)[C@H](O)CC[C@@]3(C)[C@@H]2CC1,0,0
C=C[C@@]1(C)C=C2CC[C@@H]3C(C)(C)CCC[C@@]3(C)[C@@H]2CC1,0,-1
C=C1[C@@H](O)CC[C@@H]2[C@]1(C)CC[C@@H]1C[C@@](C)(C(O)CO)CC[C@@]21C,0,-1
C=C1CCC[C@@H]2[C@]1(C)CC[C@@H]1C[C@@](C)(C3CO3)CC[C@@]21C,0,-1
C=C[C@@]1(C)CC[C@@]2(C)[C@@H]3CCCC(=C)[C@@]3(C)CC[C@@H]2C1,0,0
C=C[C@@]1(C)CC=C2[C@@H](CC[C@@H]3C(C)(C)CCC[C@@]23C)C1,0,-1
C/C1=C\[C@H](O)CC(C)(O)/C=C/[C@H](C(C)C)CC/C(C)=C/CC1,0,0
C/C1=C\[C@H](O)C[C@](C)(O)/C=C/[C@H](C(C)C)CC/C(C)=C/CC1,0,0
CC(C)[C@H]1CC[C@]2(C)C[C@H]3[C@@H]([C@H](O)C[C@H]3CO)[C@@](C)(O)C/C=C/12,0,0
CC(C)[C@H]1CC[C@]2(C)C[C@H]3[C@@H]([C@H](O)C[C@H]3C)[C@@](C)(O)C/C=C/12,0,0
CC(C)=CCC/C(C)=C/CC/C(=C/CC/C(C)=C/CO)CO,1,2
CC1=C2C[C@@]3(C)CCC(C(C)C)=C3CC(O)[C@H](C)[C@@H]2CC1,0,0
COC(=O)[C@H]1CCC2=C(C)C(=O)C[C@H]3[C@@H]4C(C)(C)CC[C@]4(C)C[C@]213,0,-1
C=C/C=C(\C)CC/C=C(\C)CCC=C(C)C,1,2
C=Cc1c(C)c2n3c1C=C1C(C)=C(CC)C4=[N+]1[Mg-2]31n3c(c(C)c5c3=C(C3=[N+]1C(=C2)[C@@H](C)[C@@H]3CCC(=O)OC/C=C(\C)CCC[C@H](C)CCC[C@H](C)CCC=C(C)C)[C-](C(=O)OC)C5=O)=C4,0,0
C=Cc1c(C)c2n3c1C=C1C(C)=C(CC)C4=[N+]1[Mg-2]31n3c(c(C)c5c3=C(C3=[N+]1C(=C2)[C@@H](C)[C@@H]3CCC(=O)OC/C=C(\C)CCC[C@H](C)CC/C=C(\C)CCC=C(C)C)[C-](C(=O)OC)C5=O)=C4,0,0
CC(C)[C@@H]1CC[C@@]2(C)C[C@H]3[C@@H](CO)C[C@H](O)[C@@H]3[C@](C)(O)C/C=C/12,0,0
CC(C)[C@@H]1CC[C@@]2(C)C[C@H]3[C@@H](C)C[C@H](O)[C@@H]3[C@](C)(O)C/C=C/12,0,0
C=CC1(C)CC[C@@]2(O1)[C@H](C)CC[C@H]1C(C)(C)CCC[C@@]12C,0,0
COc1ccc(/C=C/C(=O)c2c(OC)cc(O)c(CC=C(C)C)c2O)cc1,1,3
COc1cc(O)c(CC=C(C)C)c(O)c1C(=O)/C=C/c1ccc(O)cc1,1,2
O=c1cc(-c2ccc(O)cc2)oc2c([C@@H]3O[C@H](CO)[C@@H](O)[C@H](O)[C@H]3O)c(O)c([C@@H]3O[C@H](CO)[C@@H](O)[C@H](O)[C@H]3O)c(O)c12,0,1
O=C(CC(=O)c1c(O)cc(O)cc1O)c1ccc(O)cc1,1,3
O=C1CC(O)(c2ccc(O)cc2)Oc2cc(O)cc(O)c21,1,2
C=C(C)[C@H](CC=C(C)C)Cc1c(O)cc(O)c2c1O[C@H](c1ccc(O)cc1O)CC2=O,0,-1
CC(C)=CCc1c(O)cc(O)c2c1O[C@H](c1ccc(O)cc1O)CC2=O,0,0
CC(C)=CCc1c(O)cc(O)c2c1O[C@H](c1ccc(O)cc1)CC2=O,0,-1
Oc1ccc([C@H]2Oc3cc(O)cc(O)c3C[C@@H]2O)cc1,0,2
OC1=C(c2ccc(O)cc2)Oc2cc(O)cc(O)c2[C@@H]1O,0,1
Oc1ccc([C@H]2Oc3cc(O)cc(O)c3[C@H](O)[C@@H]2O)cc1,0,1
O=C1c2c(O)cc(O)cc2O[C@H](c2ccc(O)cc2)[C@H]1O,1,2
OC[C@H]1O[C@@H](Oc2cc(O)cc3[o+]c(-c4ccc(O)cc4)ccc23)[C@H](O)[C@@H](O)[C@@H]1O,0,-1
Oc1ccc(-c2ccc3c(O)cc(O)cc3[o+]2)cc1,1,3
Oc1ccc([C@@H]2CC(O)c3c(O)cc(O)cc3O2)cc1,1,2
COc1cc(O)c2c(c1)O[C@H](c1ccc(O)cc1)CC2=O,0,1
C[C@@H]1O[C@@H](OC[C@H]2O[C@@H](Oc3cc(O)c4c(c3)O[C@H](c3ccc(O)cc3)CC4=O)[C@H](O)[C@@H](O)[C@@H]2O)[C@H](O)[C@H](O)[C@H]1O,0,-1
C[C@@H]1O[C@@H](O[C@H]2[C@H](Oc3cc(O)c4c(c3)O[C@H](c3ccc(O)cc3)CC4=O)O[C@H](CO)[C@@H](O)[C@@H]2O)[C@H](O)[C@H](O)[C@H]1O,0,-1
O=C1C[C@@H](c2ccc(O)cc2)Oc2cc(O[C@@H]3O[C@H](CO)[C@@H](O)[C@H](O)[C@H]3O)cc(O)c21,0,-1
COc1ccc([C@@H]2CC(=O)c3c(O)cc(O)cc3O2)cc1,0,1
O=C1/C(=C/c2cc(O)c(O)c(O)c2)Oc2cc(O)cc(O)c21,1,2
O=C1/C(=C/Oc2ccc(O[C@@H]3O[C@H](CO)[C@@H](O)[C@H](O)[C@H]3O)cc2)Oc2cc(O)ccc21,0,0
O=C1c2ccc(O)cc2OC1C1OC12C=CC(O[C@@H]1O[C@H](CO)[C@@H](O)[C@H](O)[C@H]1O)C=C2,0,0
O=C1/C(=C/c2ccc(O[C@@H]3O[C@H](CO)[C@@H](O)[C@H](O)[C@H]3O)cc2)Oc2cc(O)ccc21,0,0
O=C1c2ccc(O)cc2OC1C(O)c1ccc(O[C@@H]2O[C@H](CO)[C@@H](O)[C@H](O)[C@H]2O)cc1,0,0
O=C1c2ccc(O)cc2OC1C(OO)c1ccc(O[C@@H]2O[C@H](CO)[C@@H](O)[C@H](O)[C@H]2O)cc1,0,0
O=C1/C(=C/Oc2ccc(O)cc2)Oc2cc(O)ccc21,1,3
O=C1C=CC2(C=C1)OC2C1Oc2cc(O)ccc2C1=O,1,2
O=C1/C(=C/c2ccc(O)cc2)Oc2cc(O)ccc21,1,3
O=C1c2ccc(O)cc2OC1C(O)c1ccc(O)cc1,1,2
C=C(C)C(C)CC/C(C)=C\CC/C(C)=C/CC/C=C(/C)CC/C=C(\C)CCC(C)C(=C)C,1,2
CC1CC(C)(C)[C@@H]2CC[C@]3(C)[C@H](CC[C@@H]4[C@@]5(C)CC[C@H](C(C)(C)O)[C@@H]5CC[C@]43C)[C@@]2(C)C1,0,-1
CC(CC[C@@H](O)[C@@H](O)[C@@H](O)CN)C1CC[C@@]2(C)C1CC[C@]1(C)C2CCC2[C@@]3(C)CCCC(C)(C)C3CC[C@]21C,0,-1
CC(CCC1O[C@@H](O)[C@H](O)[C@@H]1O)C1CC[C@@]2(C)C1CC[C@]1(C)C2CCC2[C@@]3(C)CCCC(C)(C)C3CC[C@]21C,0,-1
CC(CCC1O[C@@H](n2cnc3c(N)ncnc32)[C@H](O)[C@@H]1O)C1CC[C@@]2(C)[C@H]1CC[C@]1(C)[C@@H]2CC[C@@H]2[C@@]3(C)CCCC(C)(C)[C@@H]3CC[C@]21C,0,-1
CC(=O)[C@@H]1CC[C@H]2[C@@]1(C)CC[C@H]1C(C)(C)[C@@H](O)CC[C@@]12C,0,-1
CC(C)=CCC/C(C)=C/CC[C@@](C)(O)[C@@H]1CC[C@@H]2[C@@]3(C)CC[C@H](O)C(C)(C)[C@@H]3CC[C@@]12C,0,0
CC1(C)C2CC[C@]3(C)C(CC=C4[C@@H]5C[C@@](C)(C(=O)O)CC[C@]5(C)CC[C@]43C)[C@@]2(C)CC[C@@H]1O,0,-1
CC1(C)C2CC[C@]3(C)C([C@H](O)C=C4C5C[C@@](C)(CO)CC[C@]5(C)CC[C@]43C)[C@@]2(C)CC[C@@H]1O,0,-1
CC1(C)C2CC[C@]3(C)C(CC=C4C5C[C@@](C)(CO)CC[C@]5(C)CC[C@]43C)[C@@]2(C)CC[C@@H]1O,0,-1
CC1(C)CC2C3=CCC4[C@@]5(C)CC[C@H](O)C(C)(C)C5CC[C@@]4(C)[C@]3(C)CC[C@@]2(C)[C@H](O)C1,0,-1
CC1(C)CC[C@]2(C)CC[C@]3(C)C(=CCC4[C@@]5(C)CC[C@H](O)[C@](C)(CO)C5CC[C@]43C)C2C1,0,-1
CC1(C)CC[C@]2(C)CC[C@]3(C)C(=CC(=O)C4[C@@]5(C)CC[C@H](O)C(C)(C)C5CC[C@]43C)C2C1,0,-1
CC1(C)CC[C@]2(C)CC[C@]3(C)C(=C[C@@H](O)C4[C@@]5(C)CC[C@H](O)C(C)(C)C5CC[C@]43C)C2C1,0,-1
CC1(C)CC[C@]2(CO)CC[C@]3(C)C(=CC[C@@H]4[C@@]5(C)CC[C@H](O)C(C)(C)[C@@H]5CC[C@]43C)[C@@H]2C1,0,-1
CC1(C)CC[C@]2(C)[C@@H](O)C[C@]3(C)C(=CC[C@@H]4[C@@]5(C)CC[C@H](O)C(C)(C)[C@@H]5CC[C@]43C)[C@@H]2C1,0,-1
CC1(C)CC[C@]2(C)CC[C@]3(C)[C@@]4(O[C@@H]4C[C@@H]4[C@@]5(C)CC[C@H](O)C(C)(C)[C@@H]5CC[C@]43C)[C@@H]2C1,0,-1
CC1(C)CC[C@]2(C)CC[C@]3(C)C(=CC[C@@H]4[C@@]5(C)CC[C@H](O)[C@](C)(CO)[C@@H]5CC[C@]43C)[C@@H]2C1,0,-1
CC1(C)CC[C@]2(C)CC[C@]3(C)C(=C[C@@H](O)[C@@H]4[C@@]5(C)CC[C@H](O)C(C)(C)[C@@H]5CC[C@]43C)[C@@H]2C1,0,-1
CC1(C)CC[C@]2(C)CC[C@]3(C)C(=CC[C@@H]4[C@@]5(C)CC[C@H](O)C(C)(C)[C@@H]5[C@H](O)C[C@]43C)[C@@H]2C1,0,-1
CC1(C)CC[C@@]2(C)[C@@H](C1)C1=CC[C@@H]3[C@@]4(C)CC[C@H](O)C(C)(C)[C@@H]4CC[C@@]3(C)[C@]1(C)C[C@H]2O,0,-1
CC1(C)CC[C@]2(C)CC[C@]3(C)C(=CC[C@@H]4[C@@]5(C)CC[C@H](O)C(C)(C)[C@@H]5CC[C@]43C)[C@@H]2C1,0,-1
CC(C)=CCCC(C)(O[C@@H]1O[C@H](CO)[C@@H](O)[C@H](O)[C@H]1O)[C@H]1CC[C@]2(C)[C@@H]1[C@H](O)C[C@@H]1[C@@]3(C)CC[C@H](O)C(C)(C)[C@@H]3CC[C@]12C,0,1
CC(C)=CCCC(C)(O)[C@H]1CC[C@]2(C)[C@@H]1[C@H](O)C[C@@H]1[C@@]3(C)CC[C@H](O)C(C)(C)[C@@H]3[C@@H](O[C@@H]3O[C@H](CO)[C@@H](O)[C@H](O)[C@H]3O[C@@H]3O[C@@H](C)[C@H](O)[C@@H](O)[C@H]3O)C[C@]12C,0,-1
CC(C)=CCCC(C)(O)[C@H]1CC[C@]2(C)[C@@H]1[C@H](O)C[C@@H]1[C@@]3(C)CC[C@H](O)C(C)(C)[C@@H]3CC[C@]12C,0,-1
CC(C)=CCC[C@](C)(O)[C@H]1CC[C@]2(C)[C@@H]1CC[C@@H]1[C@@]3(C)CC[C@H](O)C(C)(C)[C@@H]3CC[C@]12C,0,-1
CC(C)=CCC/C(C)=C/CC/C(C)=C/CC[C@@]1(C)[C@H](CCC=O)/C(=C(/C)CO)CC[C@H]1C,0,1
CC(C)=CCC/C(C)=C/CC/C(C)=C/CC[C@@]1(C)[C@H](CCC=O)C(=C(C)C)CC[C@H]1C,1,2
C=C(C)[C@@H]1CC[C@]2(C(=O)O)CC[C@]3(C)[C@H](CC[C@@H]4[C@@]5(C)CC[C@H](O)C(C)(C)[C@@H]5CC[C@]43C)[C@@H]12,0,-1
C=C(C)[C@@H]1CC[C@]2(CO)CC[C@]3(C)[C@H](CC[C@@H]4[C@@]5(C)CC[C@H](O)C(C)(C)[C@@H]5CC[C@]43C)[C@@H]12,0,-1
C=C(C)[C@@H]1CC[C@]2(C)CC[C@]3(C)[C@H](CC[C@@H]4[C@@]5(C)CC[C@H](O)C(C)(C)[C@@H]5CC[C@]43C)[C@@H]12,0,-1
C[C@@H]1[C@H]2C3=CC[C@@H]4[C@@]5(C)CC[C@H](O)C(C)(C)[C@@H]5CC[C@@]4(C)[C@]3(C)CC[C@@]2(C(=O)O)CC[C@H]1C,0,-1
C[C@@H]1[C@H]2C3=CC[C@@H]4[C@@]5(C)CC[C@H](O)C(C)(C)[C@@H]5CC[C@@]4(C)[C@]3(C)CC[C@@]2(CO)CC[C@H]1C,0,-1
C[C@H]1[C@H](C)CC[C@]2(C)CC[C@]3(C)C(=CC[C@@H]4[C@@]5(C)CC[C@H](O)C(C)(C)[C@@H]5CC[C@]43C)[C@H]12,0,-1
CC1(C)CC[C@]2(C)CC[C@]3(C)C4=CC[C@H]5C(C)(C)[C@@H](O)CC[C@]5(C)[C@H]4CC[C@@]3(C)[C@@H]2C1,0,-1
CC1(C)C=C2[C@H]3CC[C@@H]4[C@@]5(C)CC[C@H](O)C(C)(C)[C@@H]5CC[C@@]4(C)[C@]3(C)CC[C@@]2(C)CC1,0,-1
CC1(C)CC[C@]2(C)CC=C3[C@@](C)(CC[C@H]4[C@@]3(C)CC[C@H]3C(C)(C)[C@@H](O)CC[C@@]34C)[C@@H]2C1,0,-1
CC1(C)CC[C@]2(C)CC[C@]3(C)[C@H]4CC=C5[C@@H](CC[C@H](O)C5(C)C)[C@]4(C)CC[C@@]3(C)[C@@H]2C1,0,-1
C[C@H]1C(=O)CC[C@H]2[C@]3(C)CC[C@@]4(C)[C@@H]5CC(C)(C)CC[C@]5(C)CC[C@]4(C)[C@H]3CC[C@@]21C,0,-1
CC1(C)CC[C@]2(C)CC[C@]3(C)C(=C2C1)CC[C@@H]1[C@@]2(C)CC[C@H](O)C(C)(C)[C@@H]2CC[C@]13C,0,-1
CC1(C)CC[C@]2(C)CC[C@]3(C)C4=C(CC[C@@]3(C)[C@@H]2C1)[C@@]1(C)CC[C@H](O)C(C)(C)[C@@H]1CC4,0,-1
CC(C)=CCC/C(C)=C/C=C\[C@@H](C)[C@@]1(C)CCC2=C1[C@@H](O)C[C@H]1C(C)(C)[C@@H](O)CC[C@]21C,0,1
CC(C)=CCC/C(C)=C/CC[C@@H](C)[C@@]1(C)CCC2=C1[C@@H](O)C[C@H]1C(C)(C)[C@@H](O)CC[C@]21C,0,1
CC(C)=CCC/C(C)=C/CC[C@@H](C)[C@@]1(C)CCC2=C1CC[C@H]1C(C)(C)[C@@H](O)CC[C@]21C,1,2
CC(C)CCC[C@@H](C)[C@H]1CC=C2C3=C(CC[C@@]21C)[C@@]1(C)CC[C@H](O)[C@@H](C)[C@@H]1CC3,0,-1
CC(C)CCC[C@@H](C)[C@H]1CC[C@@]2(C)[C@@H]3CC[C@H]4C(C)(C)[C@@H](O)CC[C@@]45C[C@@]35CC[C@]12C,0,-1
C=C(CC[C@@H](C)[C@H]1CC[C@@]2(C)[C@@H]3CC[C@H]4[C@](C)(C=O)[C@@H](O)CC[C@@]45C[C@@]35CC[C@]12C)C(C)C,0,-1
C=C(CC[C@@H](C)[C@H]1CC[C@@]2(C)[C@@H]3CC[C@H]4C(C)(C)[C@@H](O)CC[C@@]45C[C@@]35CC[C@]12C)C(C)C,0,-1
CC(C)[C@@H](C)CC[C@@H](C)[C@H]1CC[C@H]2C3=CC=C4C[C@@H](O)CC[C@]4(C)[C@H]3CC[C@@]21C,0,-1
C=C(C)[C@@H](C)CC[C@@H](C)[C@H]1CC[C@@]2(C)[C@@H]3CC[C@H]4C(C)(C)[C@@H](O)CC[C@@]45C[C@@]35CC[C@]12C,0,-1
C=C(C)[C@H](C)CC[C@@H](C)[C@H]1CC[C@@]2(C)[C@@H]3CC[C@H]4C(C)(C)[C@@H](O)CC[C@@]45C[C@@]35CC[C@]12C,0,1
CC(C)=CCC[C@@H](C)[C@H]1CC[C@@]2(C)[C@@H]3CC[C@H]4C(C)(C)[C@@H](O)CC[C@@]45C[C@@]35CC[C@]12C,0,-1
CC(C)=CCC[C@@H](C)[C@H]1CC[C@@]2(C)[C@@H]3CC[C@H]4C(C)(C)[C@@H](O)CC[C@]4(C)C3=CC[C@]12C,0,0
CC(C)=CCC[C@]1(C)CC[C@]2(C)[C@H]3CC=C4[C@@H](CC[C@H](O)C4(C)C)[C@]3(C)CC[C@@]2(C)C1,1,2
C/C=C(\C)C(=O)O[C@H]1C[C@@H](OC(C)=O)[C@@]2(C(=O)OC)CO[C@H]3[C@@H](O)[C@@](C)([C@]45O[C@@]4(C)[C@H]4C[C@@H]5O[C@@H]5OC=C[C@@]54O)[C@@H]4[C@@](O)(C(=O)OC)OC[C@@]14[C@@H]32,0,-1
CC(C)=CCC[C@@H](C)[C@@H]1CC[C@]2(C)C3=C(CC[C@@]12C)[C@@]1(C)CC[C@H](O)C(C)(C)[C@@H]1CC3,0,0
CC(=O)OC(C)(C)/C=C/C(=O)[C@](C)(O)[C@H]1[C@H](O)C[C@@]2(C)[C@@H]3CC=C4[C@@H](C=C(O)C(=O)C4(C)C)[C@]3(C)C(=O)C[C@]12C,0,-1
CC(C)=CCC[C@@H](C)C1CC[C@@]2(C)C3CC=C4C(CC[C@H](O)C4(C)C)[C@]3(C)C(=O)C[C@]12C,0,1
CC(C)=CCC[C@@H](C)[C@H]1CC[C@@]2(C)[C@@H]3CC=C4[C@@H](CC[C@H](O)C4(C)C)[C@]3(C)CC[C@]12C,0,-1
CC(C)=CCC/C(C)=C1/CC[C@@]2(C)[C@H]1CC[C@@H]1[C@]2(C)CC[C@H]2C(C)(C)[C@@H](O)CC[C@]12C,0,0
CC(C)=CCC/C(C)=C/CC[C@H](C)[C@@]1(C)CCC2=C1CC[C@H]1C(C)(C)[C@@H](O)CC[C@]21C,0,-1
CC(C)=CCC/C(C)=C/CC/C(C)=C/CC/C=C(\C)CC[C@@H]1C(C)=CC[C@H](O)C1(C)C,1,2
CC(C)(O)[C@@H]1CC[C@]2(C)CC[C@]3(C)[C@H](CC[C@@H]4[C@@]5(C)CC[C@H](O)C(C)(C)[C@@H]5CC[C@]43C)[C@@H]12,0,-1
CC(C)=CCC[C@]1(C)CC[C@]2(C)[C@H]3CC[C@@]4(C)[C@@H](CCC(=O)[C@@H]4C)[C@]3(C)CC[C@@]2(C)C1,0,0
C=C1CC[C@H](O)C(C)(C)[C@@H]1CC/C(C)=C/CCC1=C(C)CC[C@@]2(C)CCC(C)(C)C[C@@H]12,0,0
CC(C)=CCC[C@]1(C)CC[C@]2(C)[C@H]3CC[C@H]4C(C)(C)[C@@H]5CC[C@]4(O5)[C@]3(C)CC[C@@]2(C)C1,0,-1
CC1=CC[C@H]2C(C)(C)[C@@H](O)CC[C@]2(C)[C@H]1CCC1=C(C)CC[C@@]2(C)CC[C@@H](C)[C@H](C)[C@@H]12,0,-1
CC1=CC[C@H]2C(C)(C)[C@@H](O)CC[C@]2(C)[C@H]1CCC1=C(C)CC[C@@]2(C)CCC(C)(C)C[C@@H]12,0,0
CC(C)=CCC[C@H](C)[C@@H]1CC[C@]2(C)C3=CC[C@H]4C(C)(C)[C@@H](O)CC[C@]4(C)[C@H]3CC[C@@]12C,1,2
CC1CC(C)(C)[C@@H]2CC[C@]3(C)[C@H](CC[C@@H]4[C@@]5(C)CC[C@H](O)C(C)(C)[C@@H]5CC[C@]43C)[C@@]2(C)C1,0,-1
O=C(O)/C=C\c1ccc(O)cc1O,1,1
C=C1Oc2cccc(C(=O)O)c2NC1=O,1,3
C=C(Oc1cccc(C(=O)O)c1N)C(=O)O,1,2
N[C@@H]1C(=O)CC=C[C@H]1C(=O)O,0,0
N[C@H]1C(C(=O)O)=CC=C[C@@H]1O,0,0
Oc1cc(Cl)c(Cl)cc1Cl,0,-1
O=C(O)CNCC(=O)O,1,2
C/C=C/C(=O)/C1=C/C(=C2/C=CCCN2)SC[C@H](NC(C)=O)C(=O)O1,0,-1
C/C=C/C=C/C=C/[C@@H](O)/C=C\CCN,0,-1
C/C=C/C=C/C=C/[C@@H](O)C/C=C/CN,0,-1
CC[C@H]1CCC[C@H](O)[C@@H](C)C(=O)/C=C/[C@@H]2[C@@H](C=C[C@@H]3C[C@@H](O)C[C@@H]23)/C=C/C(=O)O1,0,-1
CC[C@H]1CCC[C@H](O)[C@@H](C)C(=O)/C=C/C=C\C[C@H](O)C/C=C/C=C/C=C/C(=O)O1,0,0
CC[C@H]1CCC[C@H](O)[C@@H](C)C(=O)C/C=C/[C@H](O)C[C@H](O)C/C=C/C=C/C=C/C(=O)O1,0,0
Cc1cc(O)cc2oc(CC(=O)CC(=O)O)cc(=O)c12,1,2
COc1cc(-c2c(C)cc(O)cc2O[C@@H]2O[C@H](CO)[C@@H](O)[C@H](O)[C@H]2O)oc(=O)c1,1,2
Cc1c(C(=O)O)c(O)cc2cc3cc4cc(O)cc(O)c4c(O)c3c(O)c12,1,4
CC(=O)c1c(CC(=O)CC(=O)O)cc2cc3cc(O)cc(O)c3c(O)c2c1O,1,3
CC(=O)CC(=O)c1c(CC(=O)CC(=O)CC(=O)O)cc2cc(O)cc(O)c2c1O,1,2
