mol_id,product,exact_match,match_count,building_block_hit,reactants_total,reactants_match
mol_0,C=CC(C)(C)[C@@]12C[C@H]3c4nc5ccccc5c(=O)n4[C@H](C)C(=O)N3C1N(C(C)=O)c1ccccc12,0,-1,0,3,0
mol_1,C=CC(C)(C)[C@@]12C[C@H]3c4nc5ccccc5c(=O)n4[C@H](C)C(=O)N3C1Nc1ccccc12,0,-1,0,2,0
mol_2,C[C@@H]1NC(=O)[C@@H](C[C@@]2(O)C=Nc3ccccc32)n2c1nc1ccccc1c2=O,0,-1,0,2,0
mol_3,C[C@H]1C(=O)N2c3ccccc3[C@@]3(O)C[C@@H]4C(=O)N[C@](C)(c5nc6ccccc6c(=O)n54)N1[C@@H]23,0,-1,0,5,0
mol_4,C[C@@H]1N[C@H]2N(C1=O)c1ccccc1[C@@]2(O)C[C@@H]1C(=O)N[C@@H](C)c2nc3ccccc3c(=O)n21,0,-1,0,3,0
mol_5,C[C@@H]1NC(=O)[C@@H](C[C@]2(O)c3ccccc3NC2O)n2c1nc1ccccc1c2=O,0,0,0,2,0
mol_6,N=CN[C@@H](CC(=O)O)C(=O)O,1,2,1,2,2
mol_7,CC(=O)N[C@@H](CCC(N)=O)C(=O)N[C@@H](CCC(N)=O)C(N)=O,0,0,1,2,1
mol_8,CC1(C)OC(=O)C[C@@H]2[C@@H](C(=O)O)NC[C@@H]21,0,0,0,2,0
mol_9,C=C(C)[C@H]1CN[C@H](C(=O)O)[C@H]1CC(=O)O,0,0,0,2,0
mol_10,C/C(=C/C=C/[C@@H](C)C(=O)O)[C@H]1CN[C@H](C(=O)O)[C@H]1CC(=O)O,0,0,0,6,0
mol_11,C/C(C=O)=C\CC/C(C)=C/CN[C@@H](CCC(=O)O)C(=O)O,0,0,0,3,0
mol_12,C/C(=C\CC/C(C)=C/CN[C@@H](CCC(=O)O)C(=O)O)CO,0,0,0,2,0
mol_13,O=C1CC[C@H](C(=O)O)N1,0,0,1,2,1
mol_14,O=c1nc2n(C[C@H](O)[C@H](O)[C@H](O)CO)c3cc(O)ccc3cc-2c(=O)[nH]1,0,-1,0,3,0
mol_15,C[C@H](OP(=O)(O)OC[C@@H](O)[C@@H](O)[C@@H](O)Cn1c2nc(=O)[nH]c(=O)c-2cc2ccc(O)cc21)C(=O)O,0,0,1,2,1
mol_16,CCCCCCCCCCCCCCCC(=O)OC(CCCCCCCCCCCCC)CC(=O)NCC(=O)O,1,2,1,2,2
mol_17,O=C(O)CCc1c[nH]cn1,0,0,1,2,1
mol_18,C=CC(C)(C)C12CC3C(=O)NC(Cc4c[nH]cn4)C(=O)N3C1Nc1ccccc12,0,-1,0,2,0
mol_19,O=C1NC(Cc2c[nH]c3ccccc23)C(=O)N/C1=C/c1c[nH]cn1,0,-1,0,2,0
mol_20,Cn1cnc(CC(=O)O)c1,0,0,1,4,1
mol_21,Cn1cnc(CC=O)c1,0,0,1,3,1
mol_22,Cn1cnc(CCN)c1,0,-1,0,2,0
mol_23,ONCCc1c[nH]cn1,0,-1,0,2,0
mol_24,CC(=O)NCCc1c[nH]cn1,0,-1,0,2,0
mol_25,N[C@@H](CCC(=O)NCCc1c[nH]cn1)C(=O)O,0,-1,0,2,0
mol_26,CN(C)[C@@H](Cc1c[nH]cn1)C(=O)O,0,-1,0,2,0
mol_27,C[C@H]1CN[C@H](C(=O)O)[C@H]1O,0,0,1,5,1
mol_28,C[C@H]1C=N[C@H](C(=O)O)C1,0,-1,0,3,0
mol_29,C[C@H](C[C@H](N)C(=O)O)C(O)O,0,0,1,2,1
mol_30,CC(C)C(=O)CC(=O)O,1,2,1,2,2
mol_31,CC(C)CC(=O)NCCc1c[nH]cn1,1,2,1,2,2
mol_32,CC(=O)CCC(N)C(=O)O,0,1,1,3,2
mol_33,C[C@H](N)CC[C@@H](N)C(=O)O,0,0,1,2,1
mol_34,C/C=C(\C)C(=O)O[C@@H]1CCN2CC3CC(CN4C(=O)CCCC34)C2C1,0,-1,0,5,0
mol_35,O=C1CCCC2C3CC(CN12)C1CCCCN1C3,1,3,1,3,3
mol_36,O=C1C2CC(CN3CCCCC23)C2CCCCN12,1,2,1,2,2
mol_37,O=C1CCC(=O)N(O)CCCCCNC(=O)CCC(=O)N(O)CCCCCN1,1,5,1,5,5
mol_38,O=C1CCC(=O)N(O)CCCCCNC(=O)CCC(=O)N(O)CCCCCNC(=O)CCC(=O)N(O)CCCCCN1,1,5,1,5,5
mol_39,NCCCCCN(O)C(=O)CCC(=O)O,1,3,1,3,3
mol_40,CC(=O)N(O)CCCCCN,1,3,1,3,3
mol_41,NCCCCCNO,1,2,1,2,2
mol_42,NCCCCCNCCCN,1,2,1,2,2
mol_43,OC[C@@H]1CCCN2CCCC[C@H]12,0,-1,0,2,0
mol_44,C[C@@H]1CC=N[C@H]1C(=O)NCCCC[C@H](N)C(=O)O,0,-1,0,3,0
mol_45,C[C@H](CCN)[C@@H](N)C(=O)NCCCC[C@H](N)C(=O)O,0,0,1,2,1
mol_46,CC(=O)N(O)CCCC[C@H](N)C(=O)O,1,2,1,2,2
mol_47,CC(=O)NCCC[C@H](N)CC(=O)O,0,0,1,2,1
mol_48,C[C@H](N)C[C@H](N)CC(=O)O,0,-1,0,2,0
mol_49,N[C@@H]1CCCCNC1=O,0,0,1,2,1
mol_50,C[S+](C)CCCN,0,0,1,2,1
mol_51,C=C[C@@](C)(C/C=C/C(C)(C)O)c1ccc2c3c(c[nH]c13)C[C@@H](CO)NC(=O)[C@H](C(C)C)N2C,0,-1,0,4,0
mol_52,C=C[C@@](C)(CCC(O)C(=C)C)c1ccc2c3c(c[nH]c13)C[C@@H](CO)NC(=O)[C@H](C(C)C)N2C,0,-1,0,4,0
mol_53,C=C[C@@](C)(CCC=C(C)C)c1ccc2c3c(c[nH]c13)C[C@@H](CO)NC(=O)[C@H](C(C)C)N2C,0,-1,0,3,0
mol_54,CC(C)[C@H]1C(=O)N[C@H](CO)Cc2c[nH]c3cccc(c23)N1C,0,-1,0,2,0
mol_55,CC[C@H](C)[C@H](NC(=O)[C@H](Cc1ccc(O)cc1)NC(=O)[C@@H](NC(=O)[C@H](CCCNC(=N)N)NC(=O)[C@@H](N)CC(=O)O)C(C)C)C(=O)N[C@@H](Cc1cnc[nH]1)C(=O)N1CCC[C@H]1C(=O)O,0,-1,0,2,0
mol_56,O=C1CN[C@H](C(=O)O)C1,0,0,1,2,1
mol_57,O=C(O)[C@H]1C[C@@H](O)CN1,0,0,1,2,1
mol_58,Cc1nccc2c1[nH]c1cc(O)ccc12,0,-1,0,3,0
mol_59,CC1=NCCc2c1[nH]c1cc(O)ccc21,0,-1,0,2,0
mol_60,CNCCc1c[nH]c2ccccc12,0,-1,0,2,0
mol_61,CNC(=O)Oc1ccc2c(c1)[C@]1(C)CCN(C)[C@@H]1N2C,0,-1,0,2,0
mol_62,Cc1nccc2c1[nH]c1ccccc12,0,0,1,2,1
mol_63,C[C@H]1NCCc2c1[nH]c1ccccc21,0,-1,0,2,0
mol_70,O=C1c2ccccc2-n2c(nc3ccccc3c2=O)[C@@H]2C[C@]3(O)c4ccccc4N[C@@H]3N12,0,-1,0,2,0
mol_71,O=C1c2ccccc2-n2c(nc3ccccc3c2=O)[C@@H]2C[C@]3(O)c4ccccc4NC3N12,0,-1,0,2,0
mol_74,N=C(C(=O)O)C(c1c[nH]c2c(Cl)cccc12)C(C(=N)C(=O)O)c1c[nH]c2c(Cl)cccc12,0,-1,0,3,0
mol_75,N=C(Cc1c[nH]c2c(Cl)cccc12)C(=O)O,0,0,1,2,1
mol_76,N[C@@H](Cc1c[nH]c2c(Cl)c(Cl)ccc12)C(=O)O,0,-1,0,2,0
mol_77,[C-]#[N+]/C=C/c1c[nH]c2ccccc12,0,-1,0,2,0
mol_78,N=C(C(=O)O)C(c1c[nH]c2ccccc12)C(C(=N)C(=O)O)c1c[nH]c2ccccc12,0,-1,0,2,0
mol_83,O=C(O)[C@H](O)Cc1c[nH]c2ccccc12,0,-1,0,2,0
mol_84,CC(C)=CCC1=C(c2c[nH]c3ccccc23)C(=O)C(O)=C(c2c[nH]c3ccccc23)C1=O,0,-1,0,4,0
mol_85,OC1=C(c2c[nH]c3ccccc23)C(O)C(O)=C(c2c[nH]c3ccccc23)C1O,0,-1,0,3,0
mol_86,C=CC(C)(C)c1[nH]c2ccccc2c1C1=C(O)C(=O)C(c2c[nH]c3ccccc23)=C(O)C1=O,0,-1,0,3,0
mol_87,O=C1C(O)=C(c2c[nH]c3ccccc23)C(=O)C(O)=C1c1c[nH]c2ccccc12,0,0,1,2,1
mol_88,CC(C(=O)C(=O)O)c1c[nH]c2ccccc12,0,-1,0,2,0
mol_89,COn1cc(C[C@H](N)C(=O)O)c2ccccc21,0,0,1,2,1
mol_90,C=CC(C)(C)[C@]12C[C@@H]3C(=O)Nc4ccccc4C(=O)N3C1N(C(C)=O)c1ccccc12,0,-1,0,3,0
mol_91,C=CC(C)(C)[C@]12C[C@@H]3C(=O)Nc4ccccc4C(=O)N3C1Nc1ccccc12,0,0,0,2,0
mol_92,CN[C@@H]1Cc2c[nH]c3cccc(c23)[C@H]1CC(C)C=O,0,0,0,5,0
mol_93,CN[C@@H]1Cc2c[nH]c3cccc(c23)[C@H]1/C=C(\C)CO,0,0,0,3,0
mol_94,CN[C@@H](Cc1c[nH]c2cccc(CC=C(C)C)c12)C(=O)O,0,-1,0,2,0
mol_95,O=C(O)C(=O)Cc1c[nH]c2ccc(O)cc12,0,0,1,2,1
mol_96,N[C@@H](CC(=O)c1cc(O)ccc1NC=O)C(=O)O,0,-1,0,2,0
mol_97,O=C(O)CCc1c[nH]c2ccccc12,0,0,1,2,1
mol_98,N[C@@H](CCC(=O)NCCc1ccc(O)cc1)C(=O)O,1,2,1,2,2
mol_99,O=C(/C=C/c1ccc(O)cc1)NCCc1ccc(O)cc1,1,2,1,2,2
mol_100,COc1cc(/C=C/C(=O)NCCc2ccc(O)cc2)cc(OC)c1O,1,2,1,2,2
mol_101,O=C(/C=C/c1ccccc1)NCCc1ccc(O)cc1,1,2,1,2,2
mol_102,CN(C)CCc1ccc(O)cc1,1,3,1,3,3
mol_103,CNCCc1ccc(O)cc1,1,2,1,2,2
mol_104,COc1cc(CC(O)C(=O)O)ccc1O,0,2,1,4,3
mol_105,COc1cc(CC(=O)C(=O)O)ccc1O,0,1,1,3,2
mol_106,COc1cc(C[C@H](N)C(=O)O)ccc1O,0,0,1,2,1
mol_107,CCCC1CNC(C(=O)O)C1,0,-1,0,6,0
mol_108,O=C(O)/C(O)=C\C=C1/C=NC(C(=O)O)C1,0,-1,0,3,0
mol_109,N[C@@H](Cc1ccc(C(=O)O)oc1=O)C(=O)O,0,-1,0,3,0
mol_110,N[C@@H](C/C(C=O)=C/C=C(/O)C(=O)O)C(=O)O,1,2,1,2,2
mol_111,O=C(O)C(=O)Cc1ccc(O)c(O)c1,0,0,1,2,1
mol_112,O=C(O)CCc1ccc(O)c(O)c1,0,1,1,2,2
mol_113,O=C(O)[C@H](Cc1ccc(O)cc1)N(O)O,0,0,1,2,1
mol_114,[C-]#[N+]/C=C/c1ccc(O[C@H]2O[C@@H](C)[C@@H](NC(C)=O)[C@@H](O)[C@@H]2O)cc1,0,-1,0,3,0
mol_115,[C-]#[N+]/C=C/c1ccc(O)cc1,0,0,1,2,1
mol_116,[C-]#[N+]c1cc2cc(O)c(O)cc2oc1=O,0,-1,0,4,0
mol_117,[C-]#[N+]/C(=C/C1=CC(=O)C(=O)C=C1)C(=O)O,0,0,1,3,1
mol_118,[C-]#[N+]/C(=C/c1ccc(O)cc1)C(=O)O,0,-1,0,2,0
mol_119,COc1c(C)cc(C[C@H](N)C(=O)O)cc1O,0,0,1,3,1
mol_120,Cc1cc(C[C@H](N)C(=O)O)cc(O)c1O,0,-1,0,2,0
mol_121,O=C(O)C(O)Cc1cc(I)c(O)c(I)c1,0,2,1,3,3
mol_122,O=C(O)C(=O)Cc1cc(I)c(O)c(I)c1,0,1,1,2,2
mol_123,N[C@@H](Cc1cc(I)c(Oc2cc(I)c(OS(=O)(=O)O)c(I)c2)c(I)c1)C(=O)O,0,-1,0,3,0
mol_124,O=C(Cc1cc(I)c(Oc2cc(I)c(O)c(I)c2)c(I)c1)O[C@@H]1O[C@H](C(=O)O)[C@@H](O)[C@H](O)[C@H]1O,0,-1,0,4,0
mol_125,O=C(O)Cc1cc(I)c(Oc2cc(I)c(O[C@@H]3O[C@H](C(=O)O)[C@@H](O)[C@H](O)[C@H]3O)c(I)c2)c(I)c1,0,-1,0,4,0
mol_126,O=C(O)Cc1cc(I)c(Oc2cc(I)c(O)c(I)c2)c(I)c1,0,-1,0,3,0
mol_127,N[C@@H](Cc1cc(I)c(Oc2cc(I)c(O)c(I)c2)c(I)c1)C(=O)O[C@@H]1O[C@H](C(=O)O)[C@@H](O)[C@H](O)[C@H]1O,0,-1,0,3,0
mol_128,N[C@@H](Cc1cc(I)c(Oc2cc(I)c(OC3O[C@H](C(=O)O)[C@@H](O)[C@H](O)[C@H]3O)c(I)c2)c(I)c1)C(=O)O,0,-1,0,3,0
mol_129,N[C@@H](Cc1ccc(Oc2cc(I)c(O)c(I)c2)cc1)C(=O)O,0,-1,0,4,0
mol_130,N[C@@H](Cc1ccc(Oc2cc(I)c(O)c(I)c2)c(I)c1)C(=O)O,0,-1,0,3,0
mol_131,N[C@@H](Cc1cc(I)c(Oc2cc(I)c(O)c(I)c2)c(I)c1)C(=O)O,0,-1,0,2,0
mol_136,CC(C)CNO,1,2,1,2,2
mol_141,CC(C)=C[C@@H]1[C@@H](C=O)C1(C)C,0,0,1,3,1
mol_142,CC(C)=C[C@@H]1[C@@H](CO)C1(C)C,0,0,1,2,1
mol_143,C=CC(C)(CO)SC[C@H](NC(=O)CC[C@H](N)C(=O)O)C(=O)NCC(=O)O,0,1,1,3,2
mol_144,C=C[C@]1(C)CO1,0,0,1,2,1
mol_145,C/C(=C\CNc1ncnc2c1ncn2[C@@H]1O[C@H](COP(=O)(O)OP(=O)(O)OP(=O)(O)O)[C@@H](O)[C@H]1O)CO,1,2,1,2,2
mol_151,CNc1ccccc1C(=O)O[C@@H]1O[C@H](CO)[C@@H](O)[C@H](O)[C@H]1O,1,2,1,2,2
mol_160,CC(C)=CCC/C(C)=C/CC/C(C)=C/C[C@@H](O)/C=C(\C)CC/C=C(\C)CCC=C(C)C,1,2,1,2,2
mol_161,CC(C)=CCC/C(C)=C/CC/C(C)=C/CC/C(C)=C\CC/C(C)=C\CC/C(C)=C\CC/C(C)=C\CC/C(C)=C\CC/C(C)=C\CC/C(C)=C\CC/C(C)=C\CC/C(C)=C\CC/C(C)=C\CC/C(C)=C\CC/C(C)=C\CCC(C)CCOP(=O)(O)O,1,4,1,4,4
mol_162,CC(C)=CCC/C(C)=C/CC/C(C)=C/CC/C(C)=C\CC/C(C)=C\CC/C(C)=C\CC/C(C)=C\CC/C(C)=C\CC/C(C)=C\CC/C(C)=C\CC/C(C)=C\CC/C(C)=C\CC/C(C)=C\CC/C(C)=C\CC/C(C)=C\CCC(C)CCO,1,3,1,3,3
mol_163,CC(C)=CCC/C(C)=C/CC/C(C)=C/CC/C(C)=C\CC/C(C)=C\CC/C(C)=C\CC/C(C)=C\CC/C(C)=C\CC/C(C)=C\CC/C(C)=C\CC/C(C)=C\CC/C(C)=C\CC/C(C)=C\CC/C(C)=C\CC/C(C)=C\CC/C(C)=C\CO,1,2,1,2,2
mol_164,Cc1cc2c(cc1O)C(C)(O)C(=O)C=C2C(C)C,1,3,1,3,3
mol_165,Cc1cc2c(C(C)C)cc(O)c(C)c2cc1O,1,2,1,2,2
mol_166,COc1c(O)c(C=O)c2c(O)c(-c3c(O)cc4c(C=O)c(O)c(OC)c(C(C)C)c4c3C)c(C)cc2c1C(C)C,0,4,1,6,5
mol_167,CC(C)=CCC1C(C)=CCC2C(=O)c3c(C=O)c(O)c(O)c(C(C)C)c3C(=O)C21C,0,1,1,6,2
mol_168,Cc1cc2c3c(c(O)c(O)c(C(C)C)c3c1)CO2,0,1,1,3,2
mol_169,CC1=C[C@@H]2C(=C(C)CC[C@H]2C(C)C)C(O)C1,0,0,1,2,1
mol_170,CC1=C2[C@@H](O)C[C@H](C)[C@]23CC[C@@H](C3)C1(C)C,0,0,1,2,1
mol_171,C[C@@H]1CC[C@H]2C(CO)=C[C@@H]3CC(C)(C)CC312,0,0,1,2,1
mol_172,C[C@@H]1CC[C@H]2C(C=O)=C[C@@H]3CC(C)(C)C[C@]312,0,0,1,3,1
mol_173,C[C@@H]1CC[C@H]2C(CO)=C[C@@H]3CC(C)(C)C[C@]312,0,0,1,2,1
mol_174,CC1(C)C[C@H]2[C@H](C=C(CO)[C@]3(O)[C@H](O)C[C@]23C)C1,0,0,1,2,1
mol_175,CC1(C)CCC=C([C@@H]2CC=C(CO)CC2)C1,0,1,1,3,2
mol_176,CC1=CC[C@@H](C2=CCCC(C)(C)C2)CC1,0,0,1,2,1
mol_177,C=C(C=O)[C@H]1C/C=C(\C)CC/C=C(\C)CC1,1,3,1,3,3
mol_178,C=C(CO)[C@H]1C/C=C(\C)CC/C=C(\C)CC1,0,0,1,2,1
mol_179,CC1=CC2OC3C[C@@H](OC(=O)/C=C\C=C\C=C\C(=O)O)[C@@](C)(C34CO4)[C@@]2(C)CC1,0,0,1,7,1
mol_180,CC1=CC[C@@](C)([C@@]2(C)CC(O)CC23CO3)CC1,0,-1,0,3,0
mol_181,C=C1CC(O)C[C@]1(C)[C@]1(C)CC=C(C)CC1,0,0,1,2,1
mol_182,C[C@H]1CCC[C@@]2(C)CCC=CC12,0,0,1,2,1
mol_183,C/C1=C\CC(C)(C)/C=C/C(=O)/C(C)=C/CC1,1,3,1,3,3
mol_184,C/C1=C\CC(C)(C)/C=C/C(O)/C(C)=C/CC1,1,2,1,2,2
mol_185,CC(=O)OC1C[C@@H](C)[C@H](C=O)[C@@]2(O)[C@@H]1C(C)(C)C[C@]2(C)C=O,0,-1,0,2,0
mol_186,C[C@@H]1CC[C@H]2[C@@H](C)C(=O)O[C@@H]3O[C@@]4(C)CC[C@@H]1[C@]32OO4,0,0,1,7,1
mol_187,C=C(C=O)[C@@H]1CC[C@@H](C)[C@@H]2CCC(C)=C[C@@H]21,0,0,1,3,1
mol_188,C=C(CO)[C@@H]1CC[C@@H](C)[C@@H]2CCC(C)=C[C@@H]21,0,0,1,2,1
mol_189,C=C(C)[C@@H]1CC[C@@]2(C1)[C@@H](CO)C[C@@H](O)[C@H](O)[C@H]2C,0,0,1,8,1
mol_190,C=C(C)[C@@H]1CC[C@@]2(C1)C(C)=CC(=O)C[C@H]2C,0,0,1,3,1
mol_191,C=C(C)[C@@H]1CC[C@@]2(C1)C(C)=CC(O)C[C@H]2C,0,0,1,2,1
mol_192,C=C1[C@H](C)[C@@]2(C)C(C)=C(C)[C@](C)([C@@H]2C)[C@@H]1C,0,0,1,2,1
mol_193,CC1(C)CCC[C@@]2(C)[C@H]1CC=C(CO)[C@@H]2CO,0,0,1,2,1
mol_194,CC1(C)C[C@@H]2[C@@H]1CC[C@@]1(C)CCC[C@]2(O)C1,0,0,1,2,1
mol_198,CC1(C)[C@@H]2CC[C@@]1(C)[C@](C)(O)C2,0,0,1,2,1
mol_199,C=C(C)[C@@H]1CC[C@](C)(O)C(=O)C1,0,-1,0,4,0
mol_200,C=C(C)[C@@H]1CC[C@](C)(O)[C@@H](O)C1,0,0,1,3,1
mol_201,C=C(C)[C@@H]1CCC2(C)OC2C1,0,0,1,2,1
mol_202,C=C(C)[C@H]1CC=C(C(=O)O)CC1,0,0,1,4,1
mol_203,C=C(C)[C@H]1CC=C(C=O)CC1,0,0,1,3,1
mol_204,C=C(C)[C@H]1CC=C(CO)CC1,0,0,1,2,1
mol_205,C=CC(=C)CC(=O)C=C(C)C,1,3,1,3,3
mol_206,C=CC(=C)C[C@@H](O)C=C(C)C,1,2,1,2,2
mol_207,C=CC(=C)C[C@H](O)C=C(C)C,1,2,1,2,2
mol_208,CC1(C)CC2CC1C(C)(C)C2=O,0,2,1,3,3
mol_209,C=C1C2CC(C(C)(C)C2)C1(C)C,0,1,1,2,2
mol_210,CC1(C)C2CCC1C(=O)C2,0,2,1,3,3
mol_211,C=C1CC2CCC1C2(C)C,0,1,1,2,2
mol_212,CC1(C)[C@H]2CC[C@]1(C)C(=O)C2,0,0,1,3,1
mol_213,CC1(C)[C@H]2CC[C@]1(C)[C@H](O)C2,0,0,1,2,1
mol_214,CC12CCC(C1)C(C)(C)C2=O,0,1,1,2,2
mol_215,C/C(=C\CC/C=C(\C)CCC[C@H](C)CCC[C@H](C)CCCC(C)C)CCC[C@H](C)CCC[C@H](C)CCCC(C)C,0,0,1,7,1
mol_216,CC(C)=CCC/C(C)=C/CC/C(C)=C/CC/C(C)=C/CC/C=C(\C)CC/C=C(\C)CCC[C@H](C)CCCC(C)C,1,3,1,3,3
mol_217,CC(C)=CCC/C(C)=C/CC/C(C)=C/CC/C(C)=C/CC/C=C(\C)CC/C=C(\C)CC/C=C(\C)CCC=C(C)C,1,2,1,2,2
mol_218,C/C(=C\CO)CC[C@]1(C)[C@@H](C)CC=C2[C@H]1CCCC2(C)C,0,0,1,2,1
mol_219,C=C1[C@@H](OC(C)=O)CC[C@@]2(C)C[C@H](O)C3=C(C)C[C@H](O)[C@@H](C[C@H]12)C3(C)C,0,0,1,5,1
mol_220,C=C1[C@@H](OC(C)=O)CC[C@@]2(C)CCC3=C(C)CC[C@@H](C[C@H]12)C3(C)C,0,0,1,3,1
mol_221,C=C1[C@@H](O)CC[C@@]2(C)CCC3=C(C)[C@@H](O)C[C@@H](C[C@H]12)C3(C)C,0,0,1,3,1
mol_222,C=C1[C@@H](O)CC[C@@]2(C)CCC3=C(C)CC[C@@H](C[C@H]12)C3(C)C,0,0,1,2,1
mol_223,CC1(C)C(=O)O[C@@H](O)[C@]2(C)[C@@H]1CC[C@@]13C[C@@H](CC[C@@H]21)[C@]1(C)OC13,0,0,1,4,1
mol_224,CC1=C[C@@]23CC[C@@H]4C(C)(C)[C@@H](O)[C@@H](O)C[C@@]4(C)[C@@H]2CC[C@@H]1C3,0,-1,0,4,0
mol_225,CC1=C[C@@]23CC[C@@H]4C(C)(C)C[C@@H](O)C[C@@]4(C)[C@@H]2CC[C@@H]1C3,0,0,1,3,1
mol_226,C[C@@]12CCC[C@@](C)(C(=O)O)C1CC[C@]13C=C(C(=O)O)[C@H](CCC21)C3,0,-1,0,5,0
mol_227,CC1(C)CCCC2(C)C1CCC13C=C(C(=O)O)C(CCC12)C3,0,1,1,3,2
mol_228,CC1=C[C@@]23CC[C@@H]4C(C)(C)CCC[C@@]4(C)[C@@H]2CC[C@@H]1C3,0,0,1,2,1
mol_229,C=C[C@]1(C)C=C2CC[C@@H]3C(C)(C)CCC[C@@]3(C)[C@@H]2CC1,0,-1,0,2,0
mol_230,C=CC1=CC[C@@H]2[C@H](CC[C@@H]3C(C)(C)C[C@H](O)C[C@@]23C)[C@@H]1C,0,-1,0,3,0
mol_231,C=CC1=CC[C@@H]2[C@H](CCC3C(C)(C)[C@H](O)CC[C@]32C)[C@@H]1C,0,-1,0,3,0
mol_232,C=CC1=C[C@@H](O)[C@@H]2[C@H](CC[C@@H]3C(C)(C)CCC[C@@]23C)[C@@H]1C,0,0,1,3,1
mol_233,C=CC1=CC[C@@H]2[C@H](CC[C@@H]3C(C)(C)CCC[C@@]23C)[C@@H]1C,0,0,1,2,1
mol_234,C=C[C@@]1(C)C=C2[C@@H](O)C[C@@H]3C(C)(C)CCC[C@@]3(C)[C@@H]2CC1,0,-1,0,3,0
mol_235,C=C[C@@]1(C)C=C2CC[C@@H]3C(C)(C)[C@H](O)CC[C@@]3(C)[C@]2(O)CC1,0,0,1,4,1
mol_236,C=C[C@@]1(C)C=C2CC[C@@H]3C(C)(C)[C@H](O)CC[C@@]3(C)[C@@H]2CC1,0,0,1,3,1
mol_237,C=C[C@@]1(C)C=C2CC[C@@H]3C(C)(C)CCC[C@@]3(C)[C@@H]2CC1,0,-1,0,2,0
mol_238,C=C1[C@@H](O)CC[C@@H]2[C@]1(C)CC[C@@H]1C[C@@](C)(C(O)CO)CC[C@@]21C,0,0,1,5,1
mol_239,C=C1CCC[C@@H]2[C@]1(C)CC[C@@H]1C[C@@](C)(C3CO3)CC[C@@]21C,0,-1,0,3,0
mol_240,C=C[C@@]1(C)CC[C@@]2(C)[C@@H]3CCCC(=C)[C@@]3(C)CC[C@@H]2C1,0,0,1,2,1
mol_241,C=C[C@@]1(C)CC=C2[C@@H](CC[C@@H]3C(C)(C)CCC[C@@]23C)C1,0,-1,0,2,0
mol_242,C/C1=C\[C@H](O)CC(C)(O)/C=C/[C@H](C(C)C)CC/C(C)=C/CC1,0,0,1,2,1
mol_243,C/C1=C\[C@H](O)C[C@](C)(O)/C=C/[C@H](C(C)C)CC/C(C)=C/CC1,0,0,1,2,1
mol_244,CC(C)[C@H]1CC[C@]2(C)C[C@H]3[C@@H]([C@H](O)C[C@H]3CO)[C@@](C)(O)C/C=C/12,0,0,1,3,1
mol_245,CC(C)[C@H]1CC[C@]2(C)C[C@H]3[C@@H]([C@H](O)C[C@H]3C)[C@@](C)(O)C/C=C/12,0,0,1,2,1
mol_246,CC(C)=CCC/C(C)=C/CC/C(=C/CC/C(C)=C/CO)CO,1,2,1,2,2
mol_247,CC1=C2C[C@@]3(C)CCC(C(C)C)=C3CC(O)[C@H](C)[C@@H]2CC1,0,0,1,2,1
mol_248,COC(=O)[C@H]1CCC2=C(C)C(=O)C[C@H]3[C@@H]4C(C)(C)CC[C@]4(C)C[C@]213,0,0,1,2,1
mol_249,C=C/C=C(\C)CC/C=C(\C)CCC=C(C)C,1,2,1,2,2
mol_252,CC(C)[C@@H]1CC[C@@]2(C)C[C@H]3[C@@H](CO)C[C@H](O)[C@@H]3[C@](C)(O)C/C=C/12,0,0,1,3,1
mol_253,CC(C)[C@@H]1CC[C@@]2(C)C[C@H]3[C@@H](C)C[C@H](O)[C@@H]3[C@](C)(O)C/C=C/12,0,0,1,2,1
mol_254,C=CC1(C)CC[C@@]2(O1)[C@H](C)CC[C@H]1C(C)(C)CCC[C@@]12C,0,0,1,2,1
mol_255,COc1ccc(/C=C/C(=O)c2c(OC)cc(O)c(CC=C(C)C)c2O)cc1,0,2,1,3,2
mol_256,COc1cc(O)c(CC=C(C)C)c(O)c1C(=O)/C=C/c1ccc(O)cc1,0,1,1,2,1
mol_257,O=c1cc(-c2ccc(O)cc2)oc2c([C@@H]3O[C@H](CO)[C@@H](O)[C@H](O)[C@H]3O)c(O)c([C@@H]3O[C@H](CO)[C@@H](O)[C@H](O)[C@H]3O)c(O)c12,0,1,1,6,2
mol_258,O=C(CC(=O)c1c(O)cc(O)cc1O)c1ccc(O)cc1,1,3,1,3,3
mol_259,O=C1CC(O)(c2ccc(O)cc2)Oc2cc(O)cc(O)c21,1,2,1,2,2
mol_260,C=C(C)[C@H](CC=C(C)C)Cc1c(O)cc(O)c2c1O[C@H](c1ccc(O)cc1O)CC2=O,0,-1,0,4,0
mol_261,CC(C)=CCc1c(O)cc(O)c2c1O[C@H](c1ccc(O)cc1O)CC2=O,0,0,1,3,1
mol_262,CC(C)=CCc1c(O)cc(O)c2c1O[C@H](c1ccc(O)cc1)CC2=O,0,-1,0,2,0
mol_263,Oc1ccc([C@H]2Oc3cc(O)cc(O)c3C[C@@H]2O)cc1,0,2,1,4,3
mol_264,OC1=C(c2ccc(O)cc2)Oc2cc(O)cc(O)c2[C@@H]1O,0,2,1,4,3
mol_265,Oc1ccc([C@H]2Oc3cc(O)cc(O)c3[C@H](O)[C@@H]2O)cc1,0,1,1,3,2
mol_266,O=C1c2c(O)cc(O)cc2O[C@H](c2ccc(O)cc2)[C@H]1O,1,2,1,2,2
mol_267,OC[C@H]1O[C@@H](Oc2cc(O)cc3[o+]c(-c4ccc(O)cc4)ccc23)[C@H](O)[C@@H](O)[C@@H]1O,0,-1,0,4,0
mol_268,Oc1ccc(-c2ccc3c(O)cc(O)cc3[o+]2)cc1,1,3,1,3,3
mol_269,Oc1ccc([C@@H]2CC(O)c3c(O)cc(O)cc3O2)cc1,1,2,1,2,2
mol_270,COc1cc(O)c2c(c1)O[C@H](c1ccc(O)cc1)CC2=O,0,1,1,2,2
mol_271,C[C@@H]1O[C@@H](OC[C@H]2O[C@@H](Oc3cc(O)c4c(c3)O[C@H](c3ccc(O)cc3)CC4=O)[C@H](O)[C@@H](O)[C@@H]2O)[C@H](O)[C@H](O)[C@H]1O,0,-1,0,3,0
mol_272,C[C@@H]1O[C@@H](O[C@H]2[C@H](Oc3cc(O)c4c(c3)O[C@H](c3ccc(O)cc3)CC4=O)O[C@H](CO)[C@@H](O)[C@@H]2O)[C@H](O)[C@H](O)[C@H]1O,0,-1,0,3,0
mol_273,O=C1C[C@@H](c2ccc(O)cc2)Oc2cc(O[C@@H]3O[C@H](CO)[C@@H](O)[C@H](O)[C@H]3O)cc(O)c21,0,-1,0,2,0
mol_274,COc1ccc([C@@H]2CC(=O)c3c(O)cc(O)cc3O2)cc1,1,2,1,2,2
mol_275,O=C1/C(=C/c2cc(O)c(O)c(O)c2)Oc2cc(O)cc(O)c21,1,2,1,2,2
mol_276,O=C1/C(=C/Oc2ccc(O[C@@H]3O[C@H](CO)[C@@H](O)[C@H](O)[C@H]3O)cc2)Oc2cc(O)ccc21,0,0,1,4,1
mol_277,O=C1c2ccc(O)cc2OC1C1OC12C=CC(O[C@@H]1O[C@H](CO)[C@@H](O)[C@H](O)[C@H]1O)C=C2,0,0,1,3,1
mol_278,O=C1/C(=C/c2ccc(O[C@@H]3O[C@H](CO)[C@@H](O)[C@H](O)[C@H]3O)cc2)Oc2cc(O)ccc21,0,0,1,4,1
mol_279,O=C1c2ccc(O)cc2OC1C(O)c1ccc(O[C@@H]2O[C@H](CO)[C@@H](O)[C@H](O)[C@H]2O)cc1,0,0,1,3,1
mol_280,O=C1c2ccc(O)cc2OC1C(OO)c1ccc(O[C@@H]2O[C@H](CO)[C@@H](O)[C@H](O)[C@H]2O)cc1,0,0,1,2,1
mol_281,O=C1/C(=C/Oc2ccc(O)cc2)Oc2cc(O)ccc21,1,3,1,3,3
mol_282,O=C1C=CC2(C=C1)OC2C1Oc2cc(O)ccc2C1=O,1,2,1,2,2
mol_283,O=C1/C(=C/c2ccc(O)cc2)Oc2cc(O)ccc21,1,3,1,3,3
mol_284,O=C1c2ccc(O)cc2OC1C(O)c1ccc(O)cc1,1,2,1,2,2
mol_285,C=C(C)C(C)CC/C(C)=C\CC/C(C)=C/CC/C=C(/C)CC/C=C(\C)CCC(C)C(=C)C,1,2,1,2,2
mol_286,CC1CC(C)(C)[C@@H]2CC[C@]3(C)[C@H](CC[C@@H]4[C@@]5(C)CC[C@H](C(C)(C)O)[C@@H]5CC[C@]43C)[C@@]2(C)C1,0,-1,0,2,0
mol_287,CC(CC[C@@H](O)[C@@H](O)[C@@H](O)CN)C1CC[C@@]2(C)C1CC[C@]1(C)C2CCC2[C@@]3(C)CCCC(C)(C)C3CC[C@]21C,0,-1,0,5,0
mol_288,CC(CCC1O[C@@H](O)[C@H](O)[C@@H]1O)C1CC[C@@]2(C)C1CC[C@]1(C)C2CCC2[C@@]3(C)CCCC(C)(C)C3CC[C@]21C,0,-1,0,3,0
mol_289,CC(CCC1O[C@@H](n2cnc3c(N)ncnc32)[C@H](O)[C@@H]1O)C1CC[C@@]2(C)[C@H]1CC[C@]1(C)[C@@H]2CC[C@@H]2[C@@]3(C)CCCC(C)(C)[C@@H]3CC[C@]21C,0,-1,0,2,0
mol_290,CC(=O)[C@@H]1CC[C@H]2[C@@]1(C)CC[C@H]1C(C)(C)[C@@H](O)CC[C@@]12C,0,-1,0,3,0
mol_291,CC(C)=CCC/C(C)=C/CC[C@@](C)(O)[C@@H]1CC[C@@H]2[C@@]3(C)CC[C@H](O)C(C)(C)[C@@H]3CC[C@@]12C,0,0,1,2,1
mol_292,CC1(C)C2CC[C@]3(C)C(CC=C4[C@@H]5C[C@@](C)(C(=O)O)CC[C@]5(C)CC[C@]43C)[C@@]2(C)CC[C@@H]1O,0,-1,0,5,0
mol_293,CC1(C)C2CC[C@]3(C)C([C@H](O)C=C4C5C[C@@](C)(CO)CC[C@]5(C)CC[C@]43C)[C@@]2(C)CC[C@@H]1O,0,-1,0,4,0
mol_294,CC1(C)C2CC[C@]3(C)C(CC=C4C5C[C@@](C)(CO)CC[C@]5(C)CC[C@]43C)[C@@]2(C)CC[C@@H]1O,0,-1,0,3,0
mol_295,CC1(C)CC2C3=CCC4[C@@]5(C)CC[C@H](O)C(C)(C)C5CC[C@@]4(C)[C@]3(C)CC[C@@]2(C)[C@H](O)C1,0,-1,0,3,0
mol_296,CC1(C)CC[C@]2(C)CC[C@]3(C)C(=CCC4[C@@]5(C)CC[C@H](O)[C@](C)(CO)C5CC[C@]43C)C2C1,0,-1,0,3,0
mol_297,CC1(C)CC[C@]2(C)CC[C@]3(C)C(=CC(=O)C4[C@@]5(C)CC[C@H](O)C(C)(C)C5CC[C@]43C)C2C1,0,-1,0,4,0
mol_298,CC1(C)CC[C@]2(C)CC[C@]3(C)C(=C[C@@H](O)C4[C@@]5(C)CC[C@H](O)C(C)(C)C5CC[C@]43C)C2C1,0,1,1,3,2
mol_299,CC1(C)CC[C@]2(CO)CC[C@]3(C)C(=CC[C@@H]4[C@@]5(C)CC[C@H](O)C(C)(C)[C@@H]5CC[C@]43C)[C@@H]2C1,0,1,1,3,2
mol_300,CC1(C)CC[C@]2(C)[C@@H](O)C[C@]3(C)C(=CC[C@@H]4[C@@]5(C)CC[C@H](O)C(C)(C)[C@@H]5CC[C@]43C)[C@@H]2C1,0,-1,0,3,0
mol_301,CC1(C)CC[C@]2(C)CC[C@]3(C)[C@@]4(O[C@@H]4C[C@@H]4[C@@]5(C)CC[C@H](O)C(C)(C)[C@@H]5CC[C@]43C)[C@@H]2C1,0,-1,0,3,0
mol_302,CC1(C)CC[C@]2(C)CC[C@]3(C)C(=CC[C@@H]4[C@@]5(C)CC[C@H](O)[C@](C)(CO)[C@@H]5CC[C@]43C)[C@@H]2C1,0,-1,0,3,0
mol_303,CC1(C)CC[C@]2(C)CC[C@]3(C)C(=C[C@@H](O)[C@@H]4[C@@]5(C)CC[C@H](O)C(C)(C)[C@@H]5CC[C@]43C)[C@@H]2C1,0,-1,0,3,0
mol_304,CC1(C)CC[C@]2(C)CC[C@]3(C)C(=CC[C@@H]4[C@@]5(C)CC[C@H](O)C(C)(C)[C@@H]5[C@H](O)C[C@]43C)[C@@H]2C1,0,-1,0,3,0
mol_305,CC1(C)CC[C@@]2(C)[C@@H](C1)C1=CC[C@@H]3[C@@]4(C)CC[C@H](O)C(C)(C)[C@@H]4CC[C@@]3(C)[C@]1(C)C[C@H]2O,0,-1,0,3,0
mol_306,CC1(C)CC[C@]2(C)CC[C@]3(C)C(=CC[C@@H]4[C@@]5(C)CC[C@H](O)C(C)(C)[C@@H]5CC[C@]43C)[C@@H]2C1,0,-1,0,2,0
mol_307,CC(C)=CCCC(C)(O[C@@H]1O[C@H](CO)[C@@H](O)[C@H](O)[C@H]1O)[C@H]1CC[C@]2(C)[C@@H]1[C@H](O)C[C@@H]1[C@@]3(C)CC[C@H](O)C(C)(C)[C@@H]3CC[C@]12C,0,1,1,4,2
mol_308,CC(C)=CCCC(C)(O)[C@H]1CC[C@]2(C)[C@@H]1[C@H](O)C[C@@H]1[C@@]3(C)CC[C@H](O)C(C)(C)[C@@H]3[C@@H](O[C@@H]3O[C@H](CO)[C@@H](O)[C@H](O)[C@H]3O[C@@H]3O[C@@H](C)[C@H](O)[C@@H](O)[C@H]3O)C[C@]12C,0,-1,0,6,0
mol_309,CC(C)=CCCC(C)(O)[C@H]1CC[C@]2(C)[C@@H]1[C@H](O)C[C@@H]1[C@@]3(C)CC[C@H](O)C(C)(C)[C@@H]3CC[C@]12C,0,0,1,3,1
mol_310,CC(C)=CCC[C@](C)(O)[C@H]1CC[C@]2(C)[C@@H]1CC[C@@H]1[C@@]3(C)CC[C@H](O)C(C)(C)[C@@H]3CC[C@]12C,0,-1,0,2,0
mol_311,CC(C)=CCC/C(C)=C/CC/C(C)=C/CC[C@@]1(C)[C@H](CCC=O)/C(=C(/C)CO)CC[C@H]1C,0,1,1,3,2
mol_312,CC(C)=CCC/C(C)=C/CC/C(C)=C/CC[C@@]1(C)[C@H](CCC=O)C(=C(C)C)CC[C@H]1C,1,2,1,2,2
mol_313,C=C(C)[C@@H]1CC[C@]2(C(=O)O)CC[C@]3(C)[C@H](CC[C@@H]4[C@@]5(C)CC[C@H](O)C(C)(C)[C@@H]5CC[C@]43C)[C@@H]12,0,-1,0,5,0
mol_314,C=C(C)[C@@H]1CC[C@]2(CO)CC[C@]3(C)[C@H](CC[C@@H]4[C@@]5(C)CC[C@H](O)C(C)(C)[C@@H]5CC[C@]43C)[C@@H]12,0,-1,0,3,0
mol_315,C=C(C)[C@@H]1CC[C@]2(C)CC[C@]3(C)[C@H](CC[C@@H]4[C@@]5(C)CC[C@H](O)C(C)(C)[C@@H]5CC[C@]43C)[C@@H]12,0,0,1,2,1
mol_316,C[C@@H]1[C@H]2C3=CC[C@@H]4[C@@]5(C)CC[C@H](O)C(C)(C)[C@@H]5CC[C@@]4(C)[C@]3(C)CC[C@@]2(C(=O)O)CC[C@H]1C,0,-1,0,5,0
mol_317,C[C@@H]1[C@H]2C3=CC[C@@H]4[C@@]5(C)CC[C@H](O)C(C)(C)[C@@H]5CC[C@@]4(C)[C@]3(C)CC[C@@]2(CO)CC[C@H]1C,0,-1,0,3,0
mol_318,C[C@H]1[C@H](C)CC[C@]2(C)CC[C@]3(C)C(=CC[C@@H]4[C@@]5(C)CC[C@H](O)C(C)(C)[C@@H]5CC[C@]43C)[C@H]12,0,-1,0,2,0
mol_319,CC1(C)CC[C@]2(C)CC[C@]3(C)C4=CC[C@H]5C(C)(C)[C@@H](O)CC[C@]5(C)[C@H]4CC[C@@]3(C)[C@@H]2C1,0,1,1,2,2
mol_320,CC1(C)C=C2[C@H]3CC[C@@H]4[C@@]5(C)CC[C@H](O)C(C)(C)[C@@H]5CC[C@@]4(C)[C@]3(C)CC[C@@]2(C)CC1,0,-1,0,2,0
mol_321,CC1(C)CC[C@]2(C)CC=C3[C@@](C)(CC[C@H]4[C@@]3(C)CC[C@H]3C(C)(C)[C@@H](O)CC[C@@]34C)[C@@H]2C1,0,-1,0,2,0
mol_322,CC1(C)CC[C@]2(C)CC[C@]3(C)[C@H]4CC=C5[C@@H](CC[C@H](O)C5(C)C)[C@]4(C)CC[C@@]3(C)[C@@H]2C1,0,-1,0,2,0
mol_323,C[C@H]1C(=O)CC[C@H]2[C@]3(C)CC[C@@]4(C)[C@@H]5CC(C)(C)CC[C@]5(C)CC[C@]4(C)[C@H]3CC[C@@]21C,0,-1,0,2,0
mol_324,CC1(C)CC[C@]2(C)CC[C@]3(C)C(=C2C1)CC[C@@H]1[C@@]2(C)CC[C@H](O)C(C)(C)[C@@H]2CC[C@]13C,1,2,1,2,2
mol_325,CC1(C)CC[C@]2(C)CC[C@]3(C)C4=C(CC[C@@]3(C)[C@@H]2C1)[C@@]1(C)CC[C@H](O)C(C)(C)[C@@H]1CC4,0,1,1,2,2
mol_326,CC(C)=CCC/C(C)=C/C=C\[C@@H](C)[C@@]1(C)CCC2=C1[C@@H](O)C[C@H]1C(C)(C)[C@@H](O)CC[C@]21C,0,1,1,4,2
mol_327,CC(C)=CCC/C(C)=C/CC[C@@H](C)[C@@]1(C)CCC2=C1[C@@H](O)C[C@H]1C(C)(C)[C@@H](O)CC[C@]21C,0,1,1,3,2
mol_328,CC(C)=CCC/C(C)=C/CC[C@@H](C)[C@@]1(C)CCC2=C1CC[C@H]1C(C)(C)[C@@H](O)CC[C@]21C,1,2,1,2,2
mol_329,CC(C)CCC[C@@H](C)[C@H]1CC=C2C3=C(CC[C@@]21C)[C@@]1(C)CC[C@H](O)[C@@H](C)[C@@H]1CC3,0,-1,0,8,0
mol_330,CC(C)CCC[C@@H](C)[C@H]1CC[C@@]2(C)[C@@H]3CC[C@H]4C(C)(C)[C@@H](O)CC[C@@]45C[C@@]35CC[C@]12C,0,-1,0,3,0
mol_331,C=C(CC[C@@H](C)[C@H]1CC[C@@]2(C)[C@@H]3CC[C@H]4[C@](C)(C=O)[C@@H](O)CC[C@@]45C[C@@]35CC[C@]12C)C(C)C,0,-1,0,5,0
mol_332,C=C(CC[C@@H](C)[C@H]1CC[C@@]2(C)[C@@H]3CC[C@H]4C(C)(C)[C@@H](O)CC[C@@]45C[C@@]35CC[C@]12C)C(C)C,0,-1,0,3,0
mol_333,CC(C)[C@@H](C)CC[C@@H](C)[C@H]1CC[C@H]2C3=CC=C4C[C@@H](O)CC[C@]4(C)[C@H]3CC[C@@]21C,0,-1,0,12,0
mol_334,C=C(C)[C@@H](C)CC[C@@H](C)[C@H]1CC[C@@]2(C)[C@@H]3CC[C@H]4C(C)(C)[C@@H](O)CC[C@@]45C[C@@]35CC[C@]12C,0,-1,0,3,0
mol_335,C=C(C)[C@H](C)CC[C@@H](C)[C@H]1CC[C@@]2(C)[C@@H]3CC[C@H]4C(C)(C)[C@@H](O)CC[C@@]45C[C@@]35CC[C@]12C,0,1,1,3,2
mol_336,CC(C)=CCC[C@@H](C)[C@H]1CC[C@@]2(C)[C@@H]3CC[C@H]4C(C)(C)[C@@H](O)CC[C@@]45C[C@@]35CC[C@]12C,1,2,1,2,2
mol_337,CC(C)=CCC[C@@H](C)[C@H]1CC[C@@]2(C)[C@@H]3CC[C@H]4C(C)(C)[C@@H](O)CC[C@]4(C)C3=CC[C@]12C,0,0,1,2,1
mol_338,CC(C)=CCC[C@]1(C)CC[C@]2(C)[C@H]3CC=C4[C@@H](CC[C@H](O)C4(C)C)[C@]3(C)CC[C@@]2(C)C1,1,2,1,2,2
mol_339,C/C=C(\C)C(=O)O[C@H]1C[C@@H](OC(C)=O)[C@@]2(C(=O)OC)CO[C@H]3[C@@H](O)[C@@](C)([C@]45O[C@@]4(C)[C@H]4C[C@@H]5O[C@@H]5OC=C[C@@]54O)[C@@H]4[C@@](O)(C(=O)OC)OC[C@@]14[C@@H]32,0,-1,0,3,0
mol_340,CC(C)=CCC[C@@H](C)[C@@H]1CC[C@]2(C)C3=C(CC[C@@]12C)[C@@]1(C)CC[C@H](O)C(C)(C)[C@@H]1CC3,0,0,1,2,1
mol_341,CC(=O)OC(C)(C)/C=C/C(=O)[C@](C)(O)[C@H]1[C@H](O)C[C@@]2(C)[C@@H]3CC=C4[C@@H](C=C(O)C(=O)C4(C)C)[C@]3(C)C(=O)C[C@]12C,0,-1,0,2,0
mol_342,CC(C)=CCC[C@@H](C)C1CC[C@@]2(C)C3CC=C4C(CC[C@H](O)C4(C)C)[C@]3(C)C(=O)C[C@]12C,0,1,1,3,2
mol_343,CC(C)=CCC[C@@H](C)[C@H]1CC[C@@]2(C)[C@@H]3CC=C4[C@@H](CC[C@H](O)C4(C)C)[C@]3(C)CC[C@]12C,1,2,1,2,2
mol_344,CC(C)=CCC/C(C)=C1/CC[C@@]2(C)[C@H]1CC[C@@H]1[C@]2(C)CC[C@H]2C(C)(C)[C@@H](O)CC[C@]12C,0,0,1,2,1
mol_345,CC(C)=CCC/C(C)=C/CC[C@H](C)[C@@]1(C)CCC2=C1CC[C@H]1C(C)(C)[C@@H](O)CC[C@]21C,1,2,1,2,2
mol_346,CC(C)=CCC/C(C)=C/CC/C(C)=C/CC/C=C(\C)CC[C@@H]1C(C)=CC[C@H](O)C1(C)C,1,2,1,2,2
mol_347,CC(C)(O)[C@@H]1CC[C@]2(C)CC[C@]3(C)[C@H](CC[C@@H]4[C@@]5(C)CC[C@H](O)C(C)(C)[C@@H]5CC[C@]43C)[C@@H]12,0,-1,0,2,0
mol_348,CC(C)=CCC[C@]1(C)CC[C@]2(C)[C@H]3CC[C@@]4(C)[C@@H](CCC(=O)[C@@H]4C)[C@]3(C)CC[C@@]2(C)C1,0,0,1,2,1
mol_349,C=C1CC[C@H](O)C(C)(C)[C@@H]1CC/C(C)=C/CCC1=C(C)CC[C@@]2(C)CCC(C)(C)C[C@@H]12,0,0,1,2,1
mol_350,CC(C)=CCC[C@]1(C)CC[C@]2(C)[C@H]3CC[C@H]4C(C)(C)[C@@H]5CC[C@]4(O5)[C@]3(C)CC[C@@]2(C)C1,1,2,1,2,2
mol_351,CC1=CC[C@H]2C(C)(C)[C@@H](O)CC[C@]2(C)[C@H]1CCC1=C(C)CC[C@@]2(C)CC[C@@H](C)[C@H](C)[C@@H]12,0,-1,0,2,0
mol_352,CC1=CC[C@H]2C(C)(C)[C@@H](O)CC[C@]2(C)[C@H]1CCC1=C(C)CC[C@@]2(C)CCC(C)(C)C[C@@H]12,0,0,1,2,1
mol_353,CC(C)=CCC[C@H](C)[C@@H]1CC[C@]2(C)C3=CC[C@H]4C(C)(C)[C@@H](O)CC[C@]4(C)[C@H]3CC[C@@]12C,1,2,1,2,2
mol_354,CC1CC(C)(C)[C@@H]2CC[C@]3(C)[C@H](CC[C@@H]4[C@@]5(C)CC[C@H](O)C(C)(C)[C@@H]5CC[C@]43C)[C@@]2(C)C1,0,-1,0,2,0
mol_355,O=C(O)/C=C\c1ccc(O)cc1O,1,1,1,2,1
mol_356,C=C1Oc2cccc(C(=O)O)c2NC1=O,1,3,1,3,3
mol_357,C=C(Oc1cccc(C(=O)O)c1N)C(=O)O,1,2,1,2,2
mol_358,N[C@@H]1C(=O)CC=C[C@H]1C(=O)O,0,0,1,3,1
mol_359,N[C@H]1C(C(=O)O)=CC=C[C@@H]1O,0,0,1,2,1
mol_360,Oc1cc(Cl)c(Cl)cc1Cl,0,-1,0,2,0
mol_361,O=C(O)CNCC(=O)O,1,2,1,2,2
mol_362,C/C=C/C(=O)/C1=C/C(=C2/C=CCCN2)SC[C@H](NC(C)=O)C(=O)O1,0,-1,0,11,0
mol_363,C/C=C/C=C/C=C/[C@@H](O)/C=C\CCN,0,0,1,3,1
mol_364,C/C=C/C=C/C=C/[C@@H](O)C/C=C/CN,0,0,1,2,1
mol_365,CC[C@H]1CCC[C@H](O)[C@@H](C)C(=O)/C=C/[C@@H]2[C@@H](C=C[C@@H]3C[C@@H](O)C[C@@H]23)/C=C/C(=O)O1,0,-1,0,4,0
mol_366,CC[C@H]1CCC[C@H](O)[C@@H](C)C(=O)/C=C/C=C\C[C@H](O)C/C=C/C=C/C=C/C(=O)O1,0,0,1,3,1
mol_367,CC[C@H]1CCC[C@H](O)[C@@H](C)C(=O)C/C=C/[C@H](O)C[C@H](O)C/C=C/C=C/C=C/C(=O)O1,0,0,1,2,1
mol_368,Cc1cc(O)cc2oc(CC(=O)CC(=O)O)cc(=O)c12,1,2,1,2,2
mol_369,COc1cc(-c2c(C)cc(O)cc2O[C@@H]2O[C@H](CO)[C@@H](O)[C@H](O)[C@H]2O)oc(=O)c1,1,2,1,2,2
mol_370,Cc1c(C(=O)O)c(O)cc2cc3cc4cc(O)cc(O)c4c(O)c3c(O)c12,1,4,1,4,4
mol_371,CC(=O)c1c(CC(=O)CC(=O)O)cc2cc3cc(O)cc(O)c3c(O)c2c1O,1,3,1,3,3
mol_372,CC(=O)CC(=O)c1c(CC(=O)CC(=O)CC(=O)O)cc2cc(O)cc(O)c2c1O,1,2,1,2,2
mol_373,Cc1cc(O)cc2c1C(=O)CC(O)(Cc1cc(O)cc(=O)o1)O2,1,1,1,1,1
mol_374,Cc1cc(O)c2c(c1)Cc1cccc(O)c1C2=O,0,1,1,2,2
mol_375,Cc1cc(O)c2c(c1)C(=O)c1cccc(O)c1C2=O,0,2,1,3,3
mol_376,O=C1c2c(O)cccc2[C@@H](C2OC(CO)C(O)C(O)C2O)c2cc(CO)cc(O)c21,1,3,1,3,3
mol_377,CC1(O)CC(=O)c2c(Cc3cc(O)cc(=O)o3)cc(O)cc2O1,1,1,1,1,1
mol_378,CC[C@H]1CCC[C@H](O)[C@@H](C)[C@H](O)C/C=C/[C@H](O)C[C@H](O)C/C=C/C=C/C=C/C(=O)O1,1,1,1,1,1
mol_382,Cc1cc(=O)c2c(O)cc(O)cc2o1,1,1,1,1,1
mol_383,Cc1cc(O)cc(O)c1C(=O)Cc1cc(O)cc(=O)o1,1,1,1,1,1
mol_385,Cc1cc(O)cc(O)c1-c1cc(O)cc(=O)o1,1,1,1,1,1
mol_387,C=CC/C=C\C/C=C\CCCCCCCc1cc(OC)cc(O)c1O,1,3,1,3,3
mol_388,C=CC/C=C\C/C=C\CCCCCCCc1cc(OC)cc(OC)c1O,1,4,1,4,4
mol_389,C=CC/C=C\C/C=C\CCCCCCCC1=C(O)C(=O)C=C(OC)C1=O,1,4,1,4,4
mol_390,CC(=O)C1=C(CC(=O)CC(=O)O)Cc2cccc(O)c2C1=O,0,0,1,5,1
mol_391,CC(=O)C1=C(C[C@H](O)CC(=O)O)Cc2cccc(O)c2C1=O,0,0,1,6,1
mol_403,CC(=O)CC(=O)CC(=O)CC(=O)CC(=O)CC(=O)CC(=O)CC(=O)CC(=O)CC(=O)O,1,1,1,1,1
mol_404,C[C@]1(O)CC(=O)[C@@H]2c3cc4cccc(O)c4c(O)c3C(=O)C[C@]2(O)C1,0,1,1,2,2
mol_405,C[C@H]1O[C@@H](c2ccc3cc4c(c(O)c3c2O)C(=O)C[C@]2(O)C[C@@](C)(O)CC(=O)C42)C[C@@H](O)[C@@H]1O,0,0,1,3,1
mol_406,CC1=CC(=O)[C@@H]2c3cc4cccc(O)c4c(O)c3C(=O)C[C@]2(O)C1,0,0,1,3,1
mol_407,Cc1cc(O)c2c3c(=O)c4cccc(O)c4c(=O)c=3c(=O)c2c1,0,3,1,6,4
mol_416,CC(=O)c1c(/C=C(/O)CC(=O)O)cc2cc3cc(O)cc(O)c3c(O)c2c1O,1,5,1,5,5
mol_417,Cc1c(C(=O)O)c(O)cc2cc3c(c(O)c12)C(=O)c1c(O)cc(O)cc1C3,0,5,1,6,6
mol_418,Cc1c(C(=O)O)c(O)cc2cc3c(c(O)c12)C(=O)c1c(O)cc(O)cc1C3=O,1,5,1,5,5
mol_419,COC(=O)c1c(O)cc2cc3c(c(O)c2c1C)C(=O)c1c(O)cc(O)cc1C3=O,1,6,1,6,6
mol_420,COc1cc(O)c2c(c1)C(=O)c1cc3cc(O)c(C(=O)O)c(C)c3c(O)c1C2=O,1,6,1,6,6
mol_429,Cc1cc(O)cc2cc3c(c(O)c12)C(=O)c1c(O)cc(O)cc1C3=O,0,5,1,6,6
mol_431,Cc1cc(O)cc2cc3c(c(O)c12)C(=O)c1c(O)cc(O)cc1C3,0,4,1,5,5
mol_432,CC(C)=CCc1c(O)cc(O)c(C(=O)/C=C/c2ccc(O)cc2)c1O,1,1,1,1,1
mol_433,O=c1cc(-c2ccc(O)cc2)oc2cc(O)cc(O)c12,0,0,1,2,1
mol_433,O=c1cc(-c2ccc(O)cc2)oc2cc(O)cc(O)c12,0,1,0,5,1
mol_434,O=C1c2c(O)cc(O)cc2OC(O)C1c1ccc(O)cc1,0,1,1,3,2
mol_434,O=C1c2c(O)cc(O)cc2OC(O)C1c1ccc(O)cc1,0,2,1,6,2
mol_435,COc1ccc([C@@H]2C(=O)c3c(O)cc(O)cc3O[C@H]2O)cc1,0,0,1,4,2
mol_436,COc1ccc(-c2coc3cc(O)cc(O)c3c2=O)cc1,0,1,1,5,3
mol_436,COc1ccc(-c2coc3cc(O)cc(O)c3c2=O)cc1,0,2,1,6,3
mol_437,COc1ccc(-c2coc3cc(O)cc(O)c3c2=O)cc1O,0,1,1,6,3
mol_443,CC(C)=CCc1c(O)cc(O)c2c(=O)c(-c3ccc(O)cc3)coc12,0,-1,0,6,0
mol_444,CC(C)=CCc1cc(-c2coc3cc(O)cc(O)c3c2=O)ccc1O,0,-1,0,6,0
mol_445,CC(C)=CCc1c(O)cc2occ(-c3ccc(O)cc3)c(=O)c2c1O,0,0,1,6,2
mol_446,O=c1c(-c2ccc(O)cc2O)coc2cc(O)cc(O)c12,0,-1,0,6,0
mol_453,O=c1c(-c2ccc(O)cc2)coc2cc(O[C@@H]3O[C@H](CO)[C@@H](O)[C@H](O)[C@H]3O)cc(O)c12,0,1,1,6,3
mol_456,O=C1C[C@@H](c2ccc(O)cc2)Oc2cc(O)ccc21,1,4,1,4,4
mol_457,O=C1C[C@@H](c2ccc(O)c(O)c2)Oc2cc(O)ccc21,0,1,1,2,2
mol_458,O=C1c2ccc(O)cc2O[C@@H](O)[C@@H]1c1ccc(O)cc1,0,-1,0,5,0
mol_459,COc1ccc([C@@H]2C(=O)c3ccc(O)cc3O[C@H]2O)cc1,0,4,1,6,5
mol_459,COc1ccc([C@@H]2C(=O)c3ccc(O)cc3O[C@H]2O)cc1,0,3,1,5,4
mol_460,COc1ccc(-c2coc3cc(O)ccc3c2=O)cc1,0,2,1,4,3
mol_461,COc1ccc(-c2coc3cc(O)ccc3c2=O)c(O)c1,0,3,1,5,4
mol_462,COc1ccc(-c2coc3cc(O)ccc3c2=O)cc1O,0,3,1,5,4
mol_463,COc1ccc(-c2coc3cc(O[C@@H]4O[C@H](CO)[C@@H](O)[C@H](O)[C@H]4O)ccc3c2=O)cc1,0,3,1,5,4
mol_464,O=c1c(-c2ccc(O)cc2)coc2cc(O)ccc12,0,1,1,3,2
mol_464,O=c1c(-c2ccc(O)cc2)coc2cc(O)ccc12,1,4,1,4,4
mol_465,O=C1CC(O)(c2ccc(O)cc2)Oc2cc(O)ccc21,1,2,1,2,2
mol_466,O=C(/C=C(\O)c1ccc(O)cc1)c1ccc(O)cc1O,1,3,1,3,3
mol_467,COc1cc(O)ccc1C(=O)/C=C(\O)c1ccc(O)cc1,1,4,1,4,4
mol_468,COc1cc(O)ccc1/C=C/C(=O)c1ccc(O)cc1,1,5,1,5,5
mol_469,O=C1CC(c2ccc(O)cc2)Oc2cc(O)c(O)cc21,1,2,1,2,2
mol_470,O=C1c2cc(O)c(O)cc2OC(O)C1c1ccc(O)cc1,1,3,1,3,3
mol_471,O=c1c(-c2ccc(O)cc2)coc2cc(O)c(O)cc12,1,4,1,4,4
mol_472,COc1cc2c(=O)c(-c3ccc(O)cc3)coc2cc1O,1,5,1,5,5
mol_473,O=c1cc(-c2ccc(O)cc2)oc2cc(O)ccc12,1,2,1,2,2
mol_474,COc1ccc(C2COc3cc(O)cc(O)c3C2=O)cc1,0,2,1,6,4
mol_475,COc1ccc(-c2coc3cc(O)cc(O)c3c2=O)c(O)c1,0,2,1,6,4
mol_476,COc1ccc(C2=COc3cc(O)cc(O)c3C2O)cc1,0,2,1,6,4
mol_477,COc1cc(O)c2c(=O)cc(-c3ccc(O)cc3)oc2c1,0,-1,0,6,0
mol_478,COc1cc2oc(-c3ccc(O)cc3)cc(=O)c2c(O)c1O,0,2,1,4,3
mol_479,COc1ccc(-c2cc(=O)c3c(O)c(OC)c(OC)cc3o2)cc1,0,4,1,6,5
mol_484,COc1ccc(-c2cc(=O)c3c(O)c(O)c(OC)cc3o2)cc1,0,3,1,5,4
mol_485,COc1cc2oc(-c3ccc(O)cc3)cc(=O)c2c(O)c1OC,0,3,1,5,4
mol_486,COc1ccc(-c2cc(=O)c3c(O)cc(OC)cc3o2)cc1,0,2,1,4,3
